-- phpMyAdmin SQL Dump
-- version 5.2.1
-- https://www.phpmyadmin.net/
--
-- 主機： 127.0.0.1
-- 產生時間： 2025-05-30 10:07:55
-- 伺服器版本： 8.0.41
-- PHP 版本： 8.2.12

SET SQL_MODE = "NO_AUTO_VALUE_ON_ZERO";
START TRANSACTION;
SET time_zone = "+00:00";


/*!40101 SET @OLD_CHARACTER_SET_CLIENT=@@CHARACTER_SET_CLIENT */;
/*!40101 SET @OLD_CHARACTER_SET_RESULTS=@@CHARACTER_SET_RESULTS */;
/*!40101 SET @OLD_COLLATION_CONNECTION=@@COLLATION_CONNECTION */;
/*!40101 SET NAMES utf8mb4 */;

--
-- 資料庫： `food`
--

-- --------------------------------------------------------

--
-- 資料表結構 `address_book`
--

CREATE TABLE `address_book` (
  `ab_id` int NOT NULL,
  `name` varchar(255) NOT NULL,
  `email` varchar(255) NOT NULL,
  `mobile` varchar(255) NOT NULL,
  `birthday` date DEFAULT NULL,
  `address` varchar(255) NOT NULL,
  `created_at` datetime NOT NULL DEFAULT CURRENT_TIMESTAMP
) ENGINE=InnoDB DEFAULT CHARSET=utf8mb4 COLLATE=utf8mb4_0900_ai_ci;

--
-- 傾印資料表的資料 `address_book`
--

INSERT INTO `address_book` (`ab_id`, `name`, `email`, `mobile`, `birthday`, `address`, `created_at`) VALUES
(1, '高鈺婷', 'mail72522@test.com', '0918911926', '1998-01-30', '屏東縣', '2024-07-08 09:52:01'),
(2, '曾怡君', 'mail49240@test.com', '0918762681', '1996-09-12', '南投縣', '2024-07-08 09:52:01'),
(3, '羅雅婷', 'mail22544@test.com', '0918962840', '1992-09-26', '新北市', '2024-07-08 09:52:01'),
(4, '曹雅婷', 'mail21172@test.com', '0918255840', '1991-03-03', '新竹市', '2024-07-08 09:52:01'),
(5, '朱冠宇', 'mail87166@test.com', '0918272435', '1988-10-26', '嘉義市', '2024-07-08 09:52:01'),
(6, '於雅婷', 'mail31122@test.com', '0918838719', '1993-09-27', '新竹市', '2024-07-08 09:52:01'),
(7, '鄧宗翰', 'mail44439@test.com', '0918108125', '1990-03-15', '苗栗縣', '2024-07-08 09:52:01'),
(8, '李彥廷', 'mail59396@test.com', '0918706116', '1988-04-22', '嘉義市', '2024-07-08 09:52:01'),
(9, '沈家瑋', 'mail26479@test.com', '0918992248', '1990-11-15', '新竹市', '2024-07-08 09:52:01'),
(10, '何雅筑', 'mail81631@test.com', '0918959070', '1991-10-05', '基隆市', '2024-07-08 09:52:01'),
(11, '宋雅筑', 'mail95623@test.com', '0918550912', '1989-10-24', '雲林縣', '2024-07-08 09:52:01'),
(12, '蕭佳穎', 'mail64017@test.com', '0918266742', '1985-03-01', '新竹市', '2024-07-08 09:52:01'),
(13, '沈佳穎', 'mail44215@test.com', '0918367123', '1992-11-13', '新竹市', '2024-07-08 09:52:01'),
(14, '鄧家瑋', 'mail31405@test.com', '0918438995', '1985-01-24', '臺南市', '2024-07-08 09:52:01'),
(15, '蕭冠廷', 'mail16640@test.com', '0918517444', '1996-09-21', '臺東縣', '2024-07-08 09:52:01'),
(16, '馮怡婷', 'mail83277@test.com', '0918709341', '1998-09-13', '屏東縣', '2024-07-08 09:52:01'),
(17, '唐郁婷', 'mail15342@test.com', '0918227022', '1985-12-22', '桃園市', '2024-07-08 09:52:01'),
(18, '唐詩涵', 'mail20426@test.com', '0918658069', '1996-02-03', '高雄市', '2024-07-08 09:52:01'),
(19, '王雅婷', 'mail48272@test.com', '0918383777', '1989-10-12', '屏東縣', '2024-07-08 09:52:01'),
(20, '張承翰', 'mail84311@test.com', '0918385918', '1985-08-19', '苗栗縣', '2024-07-08 09:52:01'),
(21, '高冠宇', 'mail80522@test.com', '0918163682', '1987-08-06', '嘉義市', '2024-07-08 09:52:01'),
(22, '羅雅筑', 'mail95900@test.com', '0918241116', '1994-01-11', '屏東縣', '2024-07-08 09:52:01'),
(23, '蕭雅婷', 'mail44613@test.com', '0918349794', '1993-06-25', '彰化縣', '2024-07-08 09:52:01'),
(24, '韓宗翰', 'mail30555@test.com', '0918696752', '1992-01-17', '新北市', '2024-07-08 09:52:01'),
(25, '吳雅筑', 'mail71106@test.com', '0918105748', '1988-07-02', '新竹市', '2024-07-08 09:52:01'),
(26, '謝鈺婷', 'mail45072@test.com', '0918525097', '1988-10-12', '新竹市', '2024-07-08 09:52:01'),
(27, '曾宜庭', 'mail27527@test.com', '0918733436', '1989-06-25', '苗栗縣', '2024-07-08 09:52:01'),
(28, '傅宜庭', 'mail30725@test.com', '0918672743', '1995-05-14', '南投縣', '2024-07-08 09:52:01'),
(29, '程怡婷', 'mail97106@test.com', '0918464283', '1994-05-21', '高雄市', '2024-07-08 09:52:01'),
(30, '董怡萱', 'mail96282@test.com', '0918776763', '1986-10-22', '苗栗縣', '2024-07-08 09:52:01'),
(31, '曾雅筑', 'mail97704@test.com', '0918926295', '1992-01-18', '雲林縣', '2024-07-08 09:52:01'),
(32, '沈彥廷', 'mail10289@test.com', '0918946974', '1989-04-08', '宜蘭縣', '2024-07-08 09:52:01'),
(33, '謝宗翰', 'mail26178@test.com', '0918677728', '1985-08-26', '宜蘭縣', '2024-07-08 09:52:01'),
(34, '胡郁婷', 'mail56033@test.com', '0918846334', '1999-10-13', '臺北市', '2024-07-08 09:52:01'),
(35, '曹承翰', 'mail81963@test.com', '0918228316', '1993-02-04', '宜蘭縣', '2024-07-08 09:52:01'),
(36, '許冠宇', 'mail66242@test.com', '0918495578', '1994-01-31', '彰化縣', '2024-07-08 09:52:01'),
(37, '楊柏翰', 'mail80020@test.com', '0918749465', '1991-03-31', '南投縣', '2024-07-08 09:52:01'),
(38, '趙宇軒', 'mail15198@test.com', '0918459189', '1995-02-24', '金門縣', '2024-07-08 09:52:01'),
(39, '袁宜庭', 'mail16906@test.com', '0918610532', '1989-09-11', '金門縣', '2024-07-08 09:52:01'),
(40, '林彥廷', 'mail31608@test.com', '0918692629', '1988-08-06', '宜蘭縣', '2024-07-08 09:52:01'),
(41, '曹雅婷', 'mail36700@test.com', '0918451185', '1996-07-28', '臺北市', '2024-07-08 09:52:01'),
(42, '董詩涵', 'mail12611@test.com', '0918570797', '1985-08-14', '宜蘭縣', '2024-07-08 09:52:01'),
(43, '於佳穎', 'mail32016@test.com', '0918125495', '1993-10-23', '臺東縣', '2024-07-08 09:52:01'),
(44, '馬鈺婷', 'mail65329@test.com', '0918822983', '1985-05-07', '臺南市', '2024-07-08 09:52:01'),
(45, '傅郁婷', 'mail40094@test.com', '0918544788', '1996-02-15', '桃園市', '2024-07-08 09:52:01'),
(46, '李怡婷', 'mail59064@test.com', '0918549474', '1992-05-08', '彰化縣', '2024-07-08 09:52:01'),
(47, '許佳穎', 'mail55931@test.com', '0918369614', '1987-10-07', '嘉義縣', '2024-07-08 09:52:01'),
(48, '鄭詩涵', 'mail83710@test.com', '0918381110', '1992-11-20', '金門縣', '2024-07-08 09:52:01'),
(49, '徐宗翰', 'mail82687@test.com', '0918584246', '1988-06-28', '連江縣', '2024-07-08 09:52:01'),
(50, '傅柏翰', 'mail37552@test.com', '0918177735', '1993-07-18', '雲林縣', '2024-07-08 09:52:01'),
(51, '林宗翰', 'mail65907@test.com', '0918852381', '1999-11-09', '苗栗縣', '2024-07-08 09:52:01'),
(52, '徐宜庭', 'mail47413@test.com', '0918636056', '1993-10-03', '嘉義市', '2024-07-08 09:52:01'),
(53, '董詩涵', 'mail67465@test.com', '0918582695', '1988-02-10', '基隆市', '2024-07-08 09:52:01'),
(54, '鄧怡婷', 'mail60188@test.com', '0918799096', '1986-01-21', '宜蘭縣', '2024-07-08 09:52:01'),
(55, '何怡婷', 'mail27650@test.com', '0918324535', '1998-03-08', '彰化縣', '2024-07-08 09:52:01'),
(56, '王家瑋', 'mail11812@test.com', '0918136631', '1996-05-16', '苗栗縣', '2024-07-08 09:52:01'),
(57, '袁宜庭', 'mail77497@test.com', '0918109595', '1991-01-05', '彰化縣', '2024-07-08 09:52:01'),
(58, '王鈺婷', 'mail35781@test.com', '0918672796', '1992-05-03', '連江縣', '2024-07-08 09:52:01'),
(59, '郭雅婷', 'mail42618@test.com', '0918513444', '1993-08-31', '屏東縣', '2024-07-08 09:52:01'),
(60, '唐家瑋', 'mail10136@test.com', '0918104923', '1996-11-11', '嘉義縣', '2024-07-08 09:52:01'),
(61, '袁家豪', 'mail91394@test.com', '0918236516', '1993-05-01', '苗栗縣', '2024-07-08 09:52:01'),
(62, '李詩涵', 'mail43131@test.com', '0918926404', '1986-03-04', '臺東縣', '2024-07-08 09:52:01'),
(63, '許詩涵', 'mail27893@test.com', '0918152845', '1986-10-30', '臺中市', '2024-07-08 09:52:01'),
(64, '何怡君', 'mail97559@test.com', '0918271751', '1989-10-16', '花蓮縣', '2024-07-08 09:52:01'),
(65, '呂雅婷', 'mail95229@test.com', '0918498188', '1995-01-09', '南投縣', '2024-07-08 09:52:01'),
(66, '孫雅筑', 'mail70629@test.com', '0918402064', '1989-09-27', '宜蘭縣', '2024-07-08 09:52:01'),
(67, '袁詩涵', 'mail29103@test.com', '0918902947', '1988-10-03', '臺北市', '2024-07-08 09:52:01'),
(68, '彭怡君', 'mail82204@test.com', '0918935473', '1994-01-13', '宜蘭縣', '2024-07-08 09:52:01'),
(69, '高怡萱', 'mail57630@test.com', '0918258115', '1985-04-27', '桃園市', '2024-07-08 09:52:01'),
(70, '王冠廷', 'mail67284@test.com', '0918228263', '1987-03-01', '臺中市', '2024-07-08 09:52:01'),
(71, '沈雅筑', 'mail16494@test.com', '0918882164', '1998-07-05', '屏東縣', '2024-07-08 09:52:01'),
(72, '蕭彥廷', 'mail85313@test.com', '0918731573', '1986-09-07', '基隆市', '2024-07-08 09:52:01'),
(73, '傅怡婷', 'mail64495@test.com', '0918905415', '1991-04-07', '屏東縣', '2024-07-08 09:52:01'),
(74, '王承翰', 'mail84868@test.com', '0918751382', '1997-10-26', '臺中市', '2024-07-08 09:52:01'),
(75, '李承翰', 'mail40554@test.com', '0918272431', '1995-06-05', '臺南市', '2024-07-08 09:52:01'),
(76, '楊鈺婷', 'mail61086@test.com', '0918300560', '1997-10-13', '基隆市', '2024-07-08 09:52:01'),
(77, '呂雅筑', 'mail78909@test.com', '0918177676', '1995-10-19', '桃園市', '2024-07-08 09:52:01'),
(78, '胡家瑋', 'mail37015@test.com', '0918174318', '1985-06-05', '彰化縣', '2024-07-08 09:52:01'),
(79, '彭怡婷', 'mail73088@test.com', '0918870783', '1999-05-30', '臺中市', '2024-07-08 09:52:01'),
(80, '鄧雅筑', 'mail12381@test.com', '0918388810', '1999-12-31', '臺東縣', '2024-07-08 09:52:01'),
(81, '朱柏翰', 'mail70528@test.com', '0918206677', '1986-03-09', '連江縣', '2024-07-08 09:52:01'),
(82, '張宜庭', 'mail12643@test.com', '0918501662', '1985-08-26', '宜蘭縣', '2024-07-08 09:52:01'),
(83, '許柏翰', 'mail76803@test.com', '0918226463', '1985-04-06', '高雄市', '2024-07-08 09:52:01'),
(84, '孫柏翰', 'mail32331@test.com', '0918890785', '1992-05-27', '新竹縣', '2024-07-08 09:52:01'),
(85, '梁宜庭', 'mail60242@test.com', '0918476406', '1989-10-07', '澎湖縣', '2024-07-08 09:52:01'),
(86, '韓彥廷', 'mail44798@test.com', '0918101752', '1987-12-12', '臺北市', '2024-07-08 09:52:01'),
(87, '王怡萱', 'mail75279@test.com', '0918691450', '1995-01-22', '宜蘭縣', '2024-07-08 09:52:01'),
(88, '於怡君', 'mail57606@test.com', '0918853111', '1987-01-19', '澎湖縣', '2024-07-08 09:52:01'),
(89, '黃家豪', 'mail92227@test.com', '0918228589', '1997-03-15', '南投縣', '2024-07-08 09:52:01'),
(90, '何雅婷', 'mail38332@test.com', '0918611080', '1987-02-13', '臺中市', '2024-07-08 09:52:01'),
(91, '鄧家瑋', 'mail15472@test.com', '0918539518', '1990-01-20', '嘉義市', '2024-07-08 09:52:01'),
(92, '鄭冠宇', 'mail29403@test.com', '0918795547', '1992-12-18', '雲林縣', '2024-07-08 09:52:01'),
(93, '蕭冠宇', 'mail56460@test.com', '0918323070', '1998-05-18', '南投縣', '2024-07-08 09:52:01'),
(94, '趙佳穎', 'mail51501@test.com', '0918823827', '1998-12-04', '南投縣', '2024-07-08 09:52:01'),
(95, '彭宗翰', 'mail71772@test.com', '0918438143', '1998-05-02', '新竹縣', '2024-07-08 09:52:01'),
(96, '趙冠宇', 'mail45739@test.com', '0918642786', '1995-01-16', '金門縣', '2024-07-08 09:52:01'),
(97, '程佳穎', 'mail58148@test.com', '0918800642', '1990-04-22', '新竹縣', '2024-07-08 09:52:01'),
(98, '鄧冠宇', 'mail71622@test.com', '0918485242', '1997-10-30', '花蓮縣', '2024-07-08 09:52:01'),
(99, '孫雅婷', 'mail50104@test.com', '0918728432', '1987-02-26', '金門縣', '2024-07-08 09:52:01'),
(100, '梁家瑋', 'mail56658@test.com', '0918724830', '1989-02-15', '苗栗縣', '2024-07-08 09:52:01'),
(101, '楊宇軒', 'mail60709@test.com', '0918194965', '1987-04-23', '臺南市', '2024-07-08 09:52:01'),
(102, '馬怡君', 'mail86711@test.com', '0918698294', '1996-11-27', '宜蘭縣', '2024-07-08 09:52:01'),
(103, '馬怡萱', 'mail59959@test.com', '0918831235', '1995-01-29', '臺中市', '2024-07-08 09:52:01'),
(104, '袁雅婷', 'mail47396@test.com', '0918817581', '1986-05-23', '雲林縣', '2024-07-08 09:52:01'),
(105, '何郁婷', 'mail96130@test.com', '0918434759', '1994-05-26', '臺中市', '2024-07-08 09:52:01'),
(106, '孫柏翰', 'mail97486@test.com', '0918896573', '1987-02-14', '臺北市', '2024-07-08 09:52:01'),
(107, '許家瑋', 'mail26036@test.com', '0918909540', '1993-02-11', '臺中市', '2024-07-08 09:52:01'),
(108, '何冠宇', 'mail58387@test.com', '0918761853', '1990-06-22', '新竹縣', '2024-07-08 09:52:01'),
(109, '董怡萱', 'mail46572@test.com', '0918320495', '1988-01-29', '南投縣', '2024-07-08 09:52:01'),
(110, '於雅婷', 'mail18047@test.com', '0918932937', '1994-01-27', '苗栗縣', '2024-07-08 09:52:01'),
(111, '周怡婷', 'mail89032@test.com', '0918210234', '1997-04-23', '臺北市', '2024-07-08 09:52:01'),
(112, '張家瑋', 'mail45101@test.com', '0918248756', '1996-12-05', '南投縣', '2024-07-08 09:52:01'),
(113, '唐郁婷', 'mail44485@test.com', '0918934304', '1988-09-30', '臺東縣', '2024-07-08 09:52:01'),
(114, '袁雅筑', 'mail75607@test.com', '0918806733', '1993-11-17', '澎湖縣', '2024-07-08 09:52:01'),
(115, '馬雅婷', 'mail32037@test.com', '0918648887', '1989-05-13', '彰化縣', '2024-07-08 09:52:01'),
(116, '謝家瑋', 'mail41839@test.com', '0918315320', '1988-02-08', '新竹市', '2024-07-08 09:52:01'),
(117, '王承翰', 'mail66918@test.com', '0918537241', '1998-12-21', '澎湖縣', '2024-07-08 09:52:01'),
(118, '郭家瑋', 'mail64741@test.com', '0918617631', '1988-05-14', '澎湖縣', '2024-07-08 09:52:01'),
(119, '沈冠宇', 'mail57962@test.com', '0918419588', '1992-05-18', '新竹縣', '2024-07-08 09:52:01'),
(120, '謝宗翰', 'mail31704@test.com', '0918683638', '1999-09-30', '屏東縣', '2024-07-08 09:52:01'),
(121, '王鈺婷', 'mail64180@test.com', '0918637062', '1991-10-11', '雲林縣', '2024-07-08 09:52:01'),
(122, '劉雅婷', 'mail38685@test.com', '0918145309', '1998-06-23', '高雄市', '2024-07-08 09:52:01'),
(123, '傅怡君', 'mail85047@test.com', '0918193685', '1993-12-15', '臺北市', '2024-07-08 09:52:01'),
(124, '曾冠宇', 'mail28980@test.com', '0918105644', '1997-11-09', '新竹市', '2024-07-08 09:52:01'),
(125, '許冠霖', 'mail24664@test.com', '0918421252', '1992-11-04', '新北市', '2024-07-08 09:52:01'),
(126, '張怡君', 'mail41475@test.com', '0918323762', '1999-04-14', '南投縣', '2024-07-08 09:52:01'),
(127, '李鈺婷', 'mail20496@test.com', '0918808345', '1987-05-16', '宜蘭縣', '2024-07-08 09:52:01'),
(128, '馮冠廷', 'mail47530@test.com', '0918354830', '1991-07-23', '雲林縣', '2024-07-08 09:52:01'),
(129, '彭郁婷', 'mail27783@test.com', '0918104758', '1990-10-17', '苗栗縣', '2024-07-08 09:52:01'),
(130, '何雅筑', 'mail87811@test.com', '0918748306', '1989-11-19', '彰化縣', '2024-07-08 09:52:01'),
(131, '李家豪', 'mail56478@test.com', '0918846816', '1993-01-28', '臺北市', '2024-07-08 09:52:01'),
(132, '趙家豪', 'mail75974@test.com', '0918606789', '1986-07-08', '新北市', '2024-07-08 09:52:01'),
(133, '傅怡婷', 'mail44067@test.com', '0918495553', '1990-10-10', '南投縣', '2024-07-08 09:52:01'),
(134, '徐詩涵', 'mail87402@test.com', '0918330870', '1999-04-11', '南投縣', '2024-07-08 09:52:01'),
(135, '梁家豪', 'mail51379@test.com', '0918547031', '1985-03-28', '南投縣', '2024-07-08 09:52:01'),
(136, '周柏翰', 'mail80170@test.com', '0918141811', '1999-10-31', '新北市', '2024-07-08 09:52:01'),
(137, '程郁婷', 'mail12416@test.com', '0918343612', '1990-07-19', '屏東縣', '2024-07-08 09:52:01'),
(138, '楊冠霖', 'mail71299@test.com', '0918996286', '1989-04-13', '高雄市', '2024-07-08 09:52:01'),
(139, '朱宗翰', 'mail41246@test.com', '0918427893', '1996-03-08', '新竹縣', '2024-07-08 09:52:01'),
(140, '高佳穎', 'mail48385@test.com', '0918825170', '1986-11-29', '臺南市', '2024-07-08 09:52:01'),
(141, '劉冠廷', 'mail92537@test.com', '0918414890', '1990-01-15', '金門縣', '2024-07-08 09:52:01'),
(142, '袁怡婷', 'mail57068@test.com', '0918837869', '1998-03-05', '新北市', '2024-07-08 09:52:01'),
(143, '高宗翰', 'mail64318@test.com', '0918847202', '1990-07-25', '桃園市', '2024-07-08 09:52:01'),
(144, '劉宜庭', 'mail78985@test.com', '0918874646', '1991-11-12', '連江縣', '2024-07-08 09:52:01'),
(145, '鄭宇軒', 'mail65913@test.com', '0918426899', '1987-12-16', '基隆市', '2024-07-08 09:52:01'),
(146, '王承翰', 'mail15165@test.com', '0918602998', '1989-03-17', '雲林縣', '2024-07-08 09:52:01'),
(147, '王家瑋', 'mail23408@test.com', '0918694844', '1987-09-10', '新竹市', '2024-07-08 09:52:01'),
(148, '周家豪', 'mail43581@test.com', '0918158463', '1996-08-18', '連江縣', '2024-07-08 09:52:01'),
(149, '高承翰', 'mail22590@test.com', '0918323822', '1987-10-19', '嘉義縣', '2024-07-08 09:52:01'),
(150, '傅冠霖', 'mail11777@test.com', '0918196599', '1994-03-22', '彰化縣', '2024-07-08 09:52:01'),
(151, '何怡萱', 'mail99804@test.com', '0918856589', '1991-11-02', '宜蘭縣', '2024-07-08 09:52:01'),
(152, '徐冠宇', 'mail14389@test.com', '0918751039', '1985-03-16', '嘉義縣', '2024-07-08 09:52:01'),
(153, '彭郁婷', 'mail24581@test.com', '0918386359', '1989-08-22', '南投縣', '2024-07-08 09:52:01'),
(154, '馮佳穎', 'mail53533@test.com', '0918568261', '1988-03-04', '桃園市', '2024-07-08 09:52:01'),
(155, '吳家瑋', 'mail47370@test.com', '0918509656', '1992-12-21', '基隆市', '2024-07-08 09:52:01'),
(156, '馮冠宇', 'mail13758@test.com', '0918138504', '1991-06-03', '連江縣', '2024-07-08 09:52:01'),
(157, '羅冠霖', 'mail61683@test.com', '0918274808', '1993-08-31', '高雄市', '2024-07-08 09:52:01'),
(158, '鄭宇軒', 'mail41523@test.com', '0918160741', '1999-05-06', '新竹市', '2024-07-08 09:52:01'),
(159, '程怡君', 'mail68803@test.com', '0918790452', '1995-02-09', '屏東縣', '2024-07-08 09:52:01'),
(160, '蕭柏翰', 'mail29924@test.com', '0918934905', '1985-07-09', '雲林縣', '2024-07-08 09:52:01'),
(161, '郭承翰', 'mail24709@test.com', '0918157628', '1989-07-17', '金門縣', '2024-07-08 09:52:01'),
(162, '許冠霖', 'mail19597@test.com', '0918516250', '1998-02-26', '新竹市', '2024-07-08 09:52:01'),
(163, '曹怡婷', 'mail73549@test.com', '0918219923', '1994-09-15', '新北市', '2024-07-08 09:52:01'),
(164, '彭郁婷', 'mail67295@test.com', '0918497450', '1999-05-17', '花蓮縣', '2024-07-08 09:52:01'),
(165, '謝詩涵', 'mail57448@test.com', '0918271912', '1996-09-19', '屏東縣', '2024-07-08 09:52:01'),
(166, '陳詩涵', 'mail93880@test.com', '0918328532', '1986-04-09', '南投縣', '2024-07-08 09:52:01'),
(167, '謝家豪', 'mail20810@test.com', '0918809617', '1996-01-24', '嘉義市', '2024-07-08 09:52:01'),
(168, '袁冠霖', 'mail42662@test.com', '0918385501', '1996-05-19', '臺中市', '2024-07-08 09:52:01'),
(169, '郭雅筑', 'mail96531@test.com', '0918878408', '1986-08-09', '高雄市', '2024-07-08 09:52:01'),
(170, '傅宇軒', 'mail58662@test.com', '0918335291', '1996-08-19', '臺東縣', '2024-07-08 09:52:01'),
(171, '鄭詩涵', 'mail11160@test.com', '0918159736', '1989-04-27', '新竹市', '2024-07-08 09:52:01'),
(172, '周冠霖', 'mail34768@test.com', '0918276535', '1998-09-26', '連江縣', '2024-07-08 09:52:01'),
(173, '何冠廷', 'mail45054@test.com', '0918254939', '1987-01-21', '基隆市', '2024-07-08 09:52:01'),
(174, '謝冠廷', 'mail71930@test.com', '0918335366', '1992-11-18', '新北市', '2024-07-08 09:52:01'),
(175, '宋佳穎', 'mail70000@test.com', '0918973977', '1985-05-04', '臺北市', '2024-07-08 09:52:01'),
(176, '黃冠霖', 'mail33495@test.com', '0918583556', '1997-08-18', '臺北市', '2024-07-08 09:52:01'),
(177, '羅詩涵', 'mail50846@test.com', '0918998461', '1992-08-04', '新竹市', '2024-07-08 09:52:01'),
(178, '徐家豪', 'mail89273@test.com', '0918921541', '1992-03-15', '新竹縣', '2024-07-08 09:52:01'),
(179, '高宇軒', 'mail93211@test.com', '0918552559', '1989-06-08', '苗栗縣', '2024-07-08 09:52:01'),
(180, '沈彥廷', 'mail13319@test.com', '0918878949', '1996-03-31', '臺北市', '2024-07-08 09:52:01'),
(181, '謝承翰', 'mail45707@test.com', '0918288198', '1997-07-24', '新北市', '2024-07-08 09:52:01'),
(182, '吳家瑋', 'mail17886@test.com', '0918586060', '1992-12-18', '花蓮縣', '2024-07-08 09:52:01'),
(183, '董冠宇', 'mail23457@test.com', '0918702598', '1987-04-21', '金門縣', '2024-07-08 09:52:01'),
(184, '彭冠宇', 'mail61308@test.com', '0918419625', '1989-10-22', '臺北市', '2024-07-08 09:52:01'),
(185, '孫詩涵', 'mail81191@test.com', '0918140980', '1993-04-02', '新竹縣', '2024-07-08 09:52:01'),
(186, '何雅筑', 'mail72622@test.com', '0918393605', '1989-05-14', '臺中市', '2024-07-08 09:52:01'),
(187, '鄧冠宇', 'mail32857@test.com', '0918433436', '1990-10-08', '花蓮縣', '2024-07-08 09:52:01'),
(188, '胡怡婷', 'mail77757@test.com', '0918245974', '1992-02-16', '臺東縣', '2024-07-08 09:52:01'),
(189, '陳柏翰', 'mail17503@test.com', '0918835137', '1993-02-19', '基隆市', '2024-07-08 09:52:01'),
(190, '蕭怡君', 'mail78015@test.com', '0918511633', '1985-11-21', '嘉義市', '2024-07-08 09:52:01'),
(191, '孫宗翰', 'mail38392@test.com', '0918521774', '1995-11-29', '南投縣', '2024-07-08 09:52:01'),
(192, '梁佳穎', 'mail99387@test.com', '0918636860', '1988-04-18', '苗栗縣', '2024-07-08 09:52:01'),
(193, '鄭鈺婷', 'mail99260@test.com', '0918930359', '1991-08-09', '桃園市', '2024-07-08 09:52:01'),
(194, '梁怡婷', 'mail26874@test.com', '0918170734', '1999-06-17', '臺東縣', '2024-07-08 09:52:01'),
(195, '郭怡婷', 'mail31902@test.com', '0918377748', '1985-06-04', '花蓮縣', '2024-07-08 09:52:01'),
(196, '傅宇軒', 'mail86971@test.com', '0918825151', '1987-06-22', '臺南市', '2024-07-08 09:52:01'),
(197, '董家豪', 'mail29090@test.com', '0918583029', '1999-11-09', '彰化縣', '2024-07-08 09:52:01'),
(198, '曹鈺婷', 'mail12141@test.com', '0918879634', '1993-02-02', '基隆市', '2024-07-08 09:52:01'),
(199, '彭冠廷', 'mail36010@test.com', '0918468142', '1987-03-04', '臺南市', '2024-07-08 09:52:01'),
(200, '於柏翰', 'mail66858@test.com', '0918523053', '1986-12-30', '新北市', '2024-07-08 09:52:01');

-- --------------------------------------------------------

--
-- 資料表結構 `admin_logs`
--

CREATE TABLE `admin_logs` (
  `id` int NOT NULL,
  `user_id` int NOT NULL,
  `action` varchar(50) NOT NULL,
  `table_name` varchar(50) NOT NULL,
  `record_id` int DEFAULT NULL,
  `ip_address` varchar(45) NOT NULL,
  `timestamp` datetime NOT NULL
) ENGINE=InnoDB DEFAULT CHARSET=utf8mb4 COLLATE=utf8mb4_0900_ai_ci;

--
-- 傾印資料表的資料 `admin_logs`
--

INSERT INTO `admin_logs` (`id`, `user_id`, `action`, `table_name`, `record_id`, `ip_address`, `timestamp`) VALUES
(1, 7, 'add', 'contactus', 0, '::1', '2025-03-05 23:22:11'),
(2, 7, 'add', 'contactus', 0, '::1', '2025-03-05 23:22:19'),
(3, 7, 'add', 'contactus', 0, '::1', '2025-03-05 23:22:21'),
(4, 7, 'add', 'contactus', 0, '::1', '2025-03-05 23:22:23'),
(5, 7, 'add', 'contactus', 0, '::1', '2025-03-05 23:22:25'),
(6, 7, 'add', 'contactus', 0, '::1', '2025-03-05 23:22:27'),
(7, 7, 'add', 'contactus', 0, '::1', '2025-03-05 23:22:29'),
(8, 7, 'add', 'contactus', 0, '::1', '2025-03-05 23:22:31');

-- --------------------------------------------------------

--
-- 資料表結構 `carts`
--

CREATE TABLE `carts` (
  `cart_id` int NOT NULL,
  `user_id` int DEFAULT NULL,
  `product_id` int DEFAULT NULL,
  `quantity` int DEFAULT '1',
  `unit_price` decimal(10,2) DEFAULT NULL,
  `updated_at` timestamp NULL DEFAULT CURRENT_TIMESTAMP,
  `cart_status` enum('active','expired','checked_out') CHARACTER SET utf8mb4 COLLATE utf8mb4_general_ci DEFAULT 'active',
  `expiration_time` date DEFAULT NULL,
  `is_selected` tinyint(1) DEFAULT '1'
) ENGINE=InnoDB DEFAULT CHARSET=utf8mb4 COLLATE=utf8mb4_general_ci;

--
-- 傾印資料表的資料 `carts`
--

INSERT INTO `carts` (`cart_id`, `user_id`, `product_id`, `quantity`, `unit_price`, `updated_at`, `cart_status`, `expiration_time`, `is_selected`) VALUES
(91, 50, 1010, 5, 75.00, '2025-05-20 04:51:12', 'active', NULL, 1),
(96, 50, 1051, 1, 30.00, '2025-05-20 04:51:12', 'active', NULL, 1),
(97, 50, 1026, 1, 175.00, '2025-05-20 04:51:12', 'active', NULL, 1),
(98, 50, 1061, 1, 150.00, '2025-05-20 04:52:45', 'active', NULL, 1),
(99, 50, 1009, 1, 380.00, '2025-05-20 06:48:52', 'active', NULL, 1),
(100, 50, 1050, 1, 95.00, '2025-05-20 04:52:45', 'active', NULL, 1),
(111, 38, 1061, 1, 150.00, '2025-05-20 13:46:24', 'active', NULL, 1),
(112, 38, 1010, 1, 75.00, '2025-05-20 13:46:24', 'active', NULL, 1),
(113, 38, 1051, 1, 30.00, '2025-05-20 13:46:24', 'active', NULL, 1);

-- --------------------------------------------------------

--
-- 資料表結構 `categories`
--

CREATE TABLE `categories` (
  `category_id` int NOT NULL,
  `category_name` varchar(50) CHARACTER SET utf8mb4 COLLATE utf8mb4_general_ci DEFAULT NULL
) ENGINE=InnoDB DEFAULT CHARSET=utf8mb4 COLLATE=utf8mb4_general_ci;

--
-- 傾印資料表的資料 `categories`
--

INSERT INTO `categories` (`category_id`, `category_name`) VALUES
(1, '義大利料理'),
(2, '泰式料理'),
(3, '日式料理'),
(4, '法式料理'),
(5, '中式料理'),
(6, '美式料理'),
(7, '其他');

-- --------------------------------------------------------

--
-- 資料表結構 `categories_sc`
--

CREATE TABLE `categories_sc` (
  `id` int UNSIGNED NOT NULL,
  `name` varchar(50) NOT NULL,
  `description` varchar(255) DEFAULT NULL,
  `created_at` timestamp NULL DEFAULT CURRENT_TIMESTAMP,
  `updated_at` timestamp NULL DEFAULT NULL
) ENGINE=InnoDB DEFAULT CHARSET=utf8mb4 COLLATE=utf8mb4_0900_ai_ci;

--
-- 傾印資料表的資料 `categories_sc`
--

INSERT INTO `categories_sc` (`id`, `name`, `description`, `created_at`, `updated_at`) VALUES
(1, '肉食', '各種肉類為主要食材的料理', '2025-05-06 03:43:48', NULL),
(2, '蔬食', '以蔬菜為主要食材的料理', '2025-05-06 03:43:48', NULL),
(3, '甜點', '甜味點心、蛋糕、餅乾等', '2025-05-06 03:43:48', NULL),
(4, '飯食', '以米飯、穀物為主的料理', '2025-05-06 03:43:48', NULL),
(5, '異國', '特色異國風味料理', '2025-05-06 03:43:48', NULL),
(6, '生鮮', '海鮮、生魚片等新鮮食材料理', '2025-05-06 03:43:48', NULL),
(7, '糕點', '麵包、鬆餅等烘焙食品', '2025-05-06 03:43:48', NULL),
(8, '麵食', '各種麵條、義大利麵、麵食料理', '2025-05-06 03:55:58', NULL);

-- --------------------------------------------------------

--
-- 資料表結構 `chatmessages`
--

CREATE TABLE `chatmessages` (
  `id` int NOT NULL,
  `user_id` int NOT NULL,
  `message` text CHARACTER SET utf8mb4 COLLATE utf8mb4_general_ci NOT NULL,
  `message_type` enum('text','image','file') CHARACTER SET utf8mb4 COLLATE utf8mb4_general_ci DEFAULT 'text',
  `is_admin_reply` tinyint(1) DEFAULT '0',
  `created_at` timestamp NULL DEFAULT CURRENT_TIMESTAMP
) ENGINE=InnoDB DEFAULT CHARSET=utf8mb4 COLLATE=utf8mb4_general_ci;

--
-- 傾印資料表的資料 `chatmessages`
--

INSERT INTO `chatmessages` (`id`, `user_id`, `message`, `message_type`, `is_admin_reply`, `created_at`) VALUES
(1, 1, '您好！請問有什麼可以幫忙的嗎？', 'text', NULL, '2025-02-25 00:30:00'),
(2, 2, '我想詢問有關食譜的問題。', 'text', 0, '2025-02-25 00:32:00'),
(3, 3, '請問你們的商品有提供無麩質選項嗎？', 'text', 0, '2025-02-25 00:35:00'),
(4, 4, '這個月有什麼特價商品嗎？', 'text', 0, '2025-02-25 00:40:00'),
(5, 5, '我對你們的松露油很有興趣，有沒有介紹的文章？', 'text', 0, '2025-02-25 00:45:00'),
(6, 6, '我想訂購一些橄欖油，能提供優惠嗎？', 'text', 0, '2025-02-25 00:50:00'),
(7, 7, '這些食材如何搭配更好？', 'text', 0, '2025-02-25 00:55:00'),
(8, 8, '我的訂單 #1024 好像沒有更新，請問有問題嗎？', 'text', 0, '2025-02-25 01:00:00'),
(9, 9, '能提供一些簡單的素食食譜嗎？', 'text', 0, '2025-02-25 01:05:00'),
(10, 10, '我希望更改我的訂單，可以嗎？', 'text', 0, '2025-02-25 01:10:00'),
(11, 11, '請問你們有沒有提供蛋白質粉？', 'text', 0, '2025-02-25 01:15:00'),
(12, 12, '我可以更改送貨地址嗎？', 'text', 0, '2025-02-25 01:20:00'),
(13, 13, '這裡有一個關於蘑菇食譜的問題，能幫忙嗎？', 'text', 0, '2025-02-25 01:25:00'),
(14, 14, '你們有促銷活動嗎？', 'text', 0, '2025-02-25 01:30:00'),
(15, 15, '可以給我一些無糖食譜建議嗎？', 'text', 0, '2025-02-25 01:35:00'),
(16, 16, '我訂購的商品延遲了，怎麼辦？', 'text', 0, '2025-02-25 01:40:00'),
(17, 17, '你們有無麩質小吃嗎？', 'text', 0, '2025-02-25 01:45:00'),
(18, 18, '我的訂單已經完成，能寄送到我的地址嗎？', 'text', 0, '2025-02-25 01:50:00'),
(19, 19, '請問可以提供一些推薦的早餐食譜嗎？', 'text', 0, '2025-02-25 01:55:00'),
(20, 20, '我的訂單應該已經處理完成，何時會送達？', 'text', 0, '2025-02-25 02:00:00'),
(21, 21, '我需要一份關於低糖食材的資料，能幫我提供嗎？', 'text', 0, '2025-02-25 02:05:00'),
(22, 22, '有沒有無乳製品的食譜？', 'text', 0, '2025-02-25 02:10:00'),
(23, 23, '能幫我看看這個食品的營養成分嗎？', 'text', 0, '2025-02-25 02:15:00'),
(24, 24, '我想訂一套初學者的烹飪材料包有推薦嗎？', 'text', 0, '2025-02-25 02:20:00'),
(25, 25, '能提供一些健康零食的推薦嗎？', 'text', 0, '2025-02-25 02:25:00'),
(26, 26, '請問有無糖義大利麵嗎？', 'text', 0, '2025-02-25 02:30:00'),
(27, 27, '我剛剛下單，發現送貨地址錯了，怎麼修改？', 'text', 0, '2025-02-25 02:35:00'),
(28, 28, '這是我的食材清單，請問能幫我搭配一些食譜嗎？', 'text', 0, '2025-02-25 02:40:00'),
(29, 29, '我有一個關於食品成分的問題，能解答嗎？', 'text', 0, '2025-02-25 02:45:00'),
(30, 30, '你們有提供定期訂購的服務嗎？', 'text', 0, '2025-02-25 02:50:00'),
(31, 31, '這款產品適合素食者嗎？', 'text', 0, '2025-02-25 02:55:00'),
(32, 32, '我有個付款問題，能協助解決嗎？', 'text', 0, '2025-02-25 03:00:00'),
(33, 33, '我的訂單沒有收到任何確認郵件，怎麼辦？', 'text', 0, '2025-02-25 03:05:00'),
(34, 34, '你們的蛋糕食譜有沒有無麩質版本？', 'text', 0, '2025-02-25 03:10:00'),
(35, 35, '這款產品的過敏原資訊是什麼？', 'text', 0, '2025-02-25 03:15:00'),
(36, 36, '請問可以使用哪些支付方式？', 'text', 0, '2025-02-25 03:20:00'),
(37, 37, '我訂單的追蹤號碼是多少？', 'text', 0, '2025-02-25 03:25:00'),
(38, 38, '你們有提供免費配送的活動嗎？', 'text', 0, '2025-02-25 03:30:00'),
(39, 39, '這個商品的保質期是多久？', 'text', 0, '2025-02-25 03:35:00'),
(40, 40, '我想取消我的訂單，可以嗎？', 'text', 0, '2025-02-25 03:40:00'),
(41, 41, '這裡是我拍的產品照片，請幫我查詢一下', 'image', 0, '2025-02-25 03:45:00'),
(42, 42, '我需要這些檔案作為購物參考，能幫我確認嗎？', 'file', 0, '2025-02-25 03:50:00'),
(43, 43, '我的帳單上有錯誤，能夠提供支援嗎？', 'text', 0, '2025-02-25 03:55:00'),
(44, 44, '有沒有適合孩子的健康食譜？', 'text', 0, '2025-02-25 04:00:00'),
(45, 45, '我的包裹收到了但破損了，請幫忙處理，謝謝！', 'text', 0, '2025-02-25 04:05:00'),
(46, 46, '我有個關於付款失敗的問題，怎麼處理？', 'text', 0, '2025-02-25 04:10:00'),
(47, 47, '能夠給我一個有關蘋果醋食譜的建議嗎？', 'text', 0, '2025-02-25 04:15:00'),
(48, 48, '這款產品適合過敏體質的人嗎？', 'text', 0, '2025-02-25 04:20:00'),
(49, 49, '我已經支付了款項，但訂單還沒有處理，請問怎麼辦？', 'text', 0, '2025-02-25 04:25:00'),
(50, 50, '你們是否有提供專業營養師的建議服務？', 'text', 0, '2025-02-25 04:30:00'),
(52, 50, '測試', 'text', 1, '2025-03-10 14:14:07');

-- --------------------------------------------------------

--
-- 資料表結構 `condiments`
--

CREATE TABLE `condiments` (
  `condiment_id` bigint UNSIGNED NOT NULL,
  `recipe_id` int DEFAULT NULL,
  `name` varchar(100) CHARACTER SET utf8mb4 COLLATE utf8mb4_general_ci NOT NULL,
  `quantity` decimal(10,0) DEFAULT NULL,
  `unit` varchar(20) CHARACTER SET utf8mb4 COLLATE utf8mb4_general_ci DEFAULT NULL,
  `note` text CHARACTER SET utf8mb4 COLLATE utf8mb4_general_ci,
  `category` varchar(50) CHARACTER SET utf8mb4 COLLATE utf8mb4_general_ci DEFAULT NULL,
  `product_id` int DEFAULT NULL
) ENGINE=InnoDB DEFAULT CHARSET=utf8mb4 COLLATE=utf8mb4_general_ci;

--
-- 傾印資料表的資料 `condiments`
--

INSERT INTO `condiments` (`condiment_id`, `recipe_id`, `name`, `quantity`, `unit`, `note`, `category`, `product_id`) VALUES
(1, 1, '奶油', 50, '克', '無鹽奶油', '油脂類', 1061),
(2, 1, '橄欖油', 15, '毫升', '特級初榨', '油脂類', 1009),
(3, 1, '鹽', 5, '克', '依個人口味調整', '基礎調味料', 1050),
(4, 1, '黑胡椒', 3, '克', '現磨', '香料', 1050),
(5, 2, '魚露', 20, '毫升', '', '醬料', 1070),
(6, 2, '檸檬汁', 30, '毫升', '新鮮擠壓', '酸味調味料', 1027),
(7, 3, '醬油', 50, '毫升', '', '醬料', 1063),
(8, 3, '味醂', 30, '毫升', '', '調味酒', 1071),
(9, 3, '糖', 15, '克', '', '基礎調味料', 1019),
(10, 4, '奶油', 40, '克', '', '油脂類', 1061),
(11, 4, '松露油', 5, '毫升', '', '油脂類', 1052),
(12, 5, '韓式辣醬', 50, '克', '', '醬料', 1072),
(13, 5, '糖', 10, '克', '', '基礎調味料', 1019),
(14, 5, '醬油', 15, '毫升', '', '醬料', 1063),
(15, 6, '豆瓣醬', 30, '克', '', '醬料', 1073),
(16, 6, '花椒', 5, '克', '', '香料', 1055),
(17, 6, '辣椒油', 10, '毫升', '', '油脂類', 1017),
(18, 7, '墨西哥辣椒粉', 15, '克', '', '香料', 1055),
(19, 8, '橄欖油', 20, '毫升', '', '油脂類', 1009),
(20, 9, '橄欖油', 30, '毫升', '', '油脂類', 1009),
(21, 9, '迷迭香', 5, '克', '', '香草', 1064),
(22, 9, '百里香', 5, '克', '', '香草', 1064),
(23, 9, '鹽', 5, '克', '', '基礎調味料', 1050),
(24, 9, '黑胡椒', 3, '克', '', '香料', 1050),
(25, 10, '糖', 120, '克', '', '基礎調味料', 1019),
(26, 10, '肉桂粉', 10, '克', '', '香料', 1055),
(27, 10, '檸檬汁', 15, '毫升', '', '酸味調味料', 1027),
(28, 10, '鹽', 3, '克', '', '基礎調味料', 1050),
(29, 13, '橄欖油', 30, '毫升', '', '油脂類', 1052),
(30, 13, '番紅花', 1, '克', '', '香料', 1055),
(31, 14, '糖', 100, '克', '', '基礎調味料', 1019),
(32, 14, '可可粉', 20, '克', '用於裝飾', '香料', 1074),
(33, 15, '咖哩粉', 20, '克', '', '複合香料', 1055),
(34, 15, '薑黃粉', 10, '克', '', '香料', 1055),
(35, 15, '辣椒粉', 5, '克', '', '香料', 1055),
(36, 16, '奶油', 30, '克', '融化', '油脂類', 1061),
(37, 16, '鹽', 3, '克', '', '基礎調味料', 1050),
(38, 16, '糖', 10, '克', '', '基礎調味料', 1019),
(39, 17, '醋', 60, '毫升', '米醋', '酸味調味料', 1075),
(40, 17, '糖', 30, '克', '', '基礎調味料', 1019),
(41, 17, '鹽', 5, '克', '', '基礎調味料', 1050),
(42, 17, '芥末', 10, '克', '', '醬料', 1076),
(43, 18, '醬油', 20, '毫升', '', '醬料', 1063),
(44, 19, '美乃滋', 30, '克', '', '醬料', 1074),
(45, 19, '番茄醬', 30, '克', '', '醬料', 1033),
(46, 20, '紅椒粉', 30, '克', '匈牙利紅椒粉', '香料', 1055),
(47, 20, '香料包', 1, '包', '月桂葉、百里香、迷迭香', '複合香料', 1055),
(48, 21, '橄欖油', 50, '毫升', '特級初榨', '油脂類', 1009),
(49, 21, '檸檬汁', 20, '毫升', '', '酸味調味料', 1027),
(50, 21, 'oregano', 5, '克', '乾燥', '香草', 1064),
(51, 22, '奶油', 120, '克', '', '油脂類', 1061),
(52, 22, '糖', 100, '克', '', '基礎調味料', 1019),
(53, 22, '香草精', 5, '毫升', '', '香草', 1078),
(54, 22, '鹽', 3, '克', '', '基礎調味料', 1050),
(55, 23, '蒜油', 10, '毫升', '', '油脂類', 1051),
(56, 25, '香料混合', 15, '克', '孜然、肉桂、薑黃、辣椒粉', '複合香料', 1055),
(57, 26, '奶油', 50, '克', '', '油脂類', 1061),
(58, 26, '迷迭香', 5, '克', '', '香草', 1064),
(59, 26, '百里香', 5, '克', '', '香草', 1064),
(60, 26, '橄欖油', 20, '毫升', '', '油脂類', 1009),
(61, 26, '鹽', 5, '克', '', '基礎調味料', 1050),
(62, 26, '黑胡椒', 5, '克', '', '香料', 1050),
(63, 27, '醬油', 100, '毫升', '', '醬料', 1063),
(64, 27, '冰糖', 50, '克', '', '基礎調味料', 1019),
(65, 27, '五香粉', 10, '克', '', '複合香料', 1055),
(66, 27, '八角', 3, '個', '', '香料', 1055),
(67, 27, '桂皮', 1, '片', '', '香料', 1055),
(68, 27, '米酒', 50, '毫升', '', '調味酒', 1083),
(69, 28, '萊姆汁', 30, '毫升', '', '酸味調味料', 1027),
(70, 28, '橄欖油', 20, '毫升', '', '油脂類', 1009),
(71, 29, '綠咖哩醬', 50, '克', '', '醬料', 1084),
(72, 29, '魚露', 20, '毫升', '', '醬料', 1070),
(73, 29, '棕櫚糖', 15, '克', '', '基礎調味料', 1019),
(74, 30, '白酒', 100, '毫升', '', '調味酒', 1085),
(75, 30, '奶油', 40, '克', '', '油脂類', 1061),
(76, 30, '鹽', 5, '克', '', '基礎調味料', 1050),
(77, 30, '黑胡椒', 3, '克', '', '香料', 1050),
(78, 31, '植物油', 50, '毫升', '', '油脂類', 1017),
(79, 31, '泡菜汁', 20, '毫升', '', '醬料', 1079),
(80, 32, '鹽', 5, '克', '', '基礎調味料', 1050),
(81, 32, '黑胡椒', 3, '克', '', '香料', 1050),
(82, 32, '醬油', 30, '毫升', '', '醬料', 1063),
(83, 32, '味醂', 20, '毫升', '', '調味酒', 1071),
(84, 32, '糖', 10, '克', '', '基礎調味料', 1019),
(85, 33, '豬油', 50, '克', '', '油脂類', 1080),
(86, 33, '鹽', 10, '克', '', '基礎調味料', 1050),
(87, 33, '植物油', 50, '毫升', '', '油脂類', 1017),
(88, 34, '糖', 80, '克', '', '基礎調味料', 1019),
(89, 34, '鹽', 3, '克', '', '基礎調味料', 1050),
(90, 34, '香草精', 5, '毫升', '', '香草', 1078),
(91, 35, '魚露', 20, '毫升', '', '醬料', 1070),
(92, 35, '檸檬汁', 10, '毫升', '', '酸味調味料', 1027),
(93, 35, '花生醬', 20, '克', '', '醬料', 1031),
(94, 36, '鹽', 5, '克', '', '基礎調味料', 1050),
(95, 36, '糖', 10, '克', '', '基礎調味料', 1019),
(96, 36, '橄欖油', 30, '毫升', '', '油脂類', 1009),
(97, 37, '香料包', 1, '包', '月桂葉、丁香、花椒', '複合香料', 1055),
(98, 37, '醬油', 30, '毫升', '', '醬料', 1063),
(99, 37, '糖', 20, '克', '', '基礎調味料', 1019),
(100, 38, '奶油', 120, '克', '融化', '油脂類', 1061),
(101, 38, '糖', 200, '克', '', '基礎調味料', 1019),
(102, 38, '檸檬汁', 30, '毫升', '', '酸味調味料', 1027),
(103, 38, '香草精', 10, '毫升', '', '香草', 1078),
(104, 39, '醬油', 40, '毫升', '', '醬料', 1063),
(105, 39, '味醂', 30, '毫升', '', '調味酒', 1071),
(106, 39, '糖', 15, '克', '', '基礎調味料', 1019),
(107, 40, '奶油', 50, '克', '', '油脂類', 1061),
(108, 40, '白酒', 100, '毫升', '', '調味酒', 1085),
(109, 40, '百里香', 5, '克', '', '香草', 1064),
(110, 40, '月桂葉', 2, '片', '', '香草', 1064),
(111, 40, '鹽', 5, '克', '', '基礎調味料', 1050),
(112, 40, '黑胡椒', 3, '克', '', '香料', 1050),
(113, 41, '印尼香料醬', 50, '克', '', '醬料', 1081),
(114, 41, '醬油', 20, '毫升', '', '醬料', 1063),
(115, 41, '植物油', 30, '毫升', '', '油脂類', 1017),
(116, 42, '辣椒粉', 15, '克', '', '香料', 1055),
(117, 42, '孜然粉', 10, '克', '', '香料', 1055),
(118, 43, '鹽', 10, '克', '', '基礎調味料', 1050),
(119, 43, '黑胡椒', 5, '克', '', '香料', 1050),
(120, 43, '塔塔醬', 100, '克', '', '醬料', 1082),
(121, 44, '糖', 120, '克', '', '基礎調味料', 1019),
(122, 44, '紅豆沙', 100, '克', '裝飾用', '甜點調味料', 1062),
(123, 45, '辣椒粉', 20, '克', '', '香料', 1055),
(124, 46, '白葡萄酒', 100, '毫升', '', '調味酒', 1085),
(125, 46, '奶油', 40, '克', '', '油脂類', 1061),
(126, 46, '百里香', 5, '克', '', '香草', 1064),
(127, 46, '鹽', 5, '克', '', '基礎調味料', 1050),
(128, 46, '黑胡椒', 3, '克', '', '香料', 1050),
(129, 47, '糖', 100, '克', '', '基礎調味料', 1019),
(130, 47, '奶油', 30, '克', '', '油脂類', 1061),
(131, 47, '香草精', 5, '毫升', '', '香草', 1078),
(132, 47, '糖粉', 20, '克', '裝飾用', '甜點調味料', 1019),
(133, 48, '辣椒粉', 15, '克', '', '香料', 1055),
(134, 48, '孜然粉', 10, '克', '', '香料', 1055),
(135, 49, '橄欖油', 50, '毫升', '', '油脂類', 1009),
(136, 49, '檸檬汁', 30, '毫升', '', '酸味調味料', 1027),
(137, 49, 'oregano', 10, '克', '', '香草', 1064),
(138, 49, '迷迭香', 5, '克', '', '香草', 1064),
(139, 49, '薄荷葉', 5, '克', '', '香草', 1064),
(140, 49, '鹽', 10, '克', '', '基礎調味料', 1050),
(141, 49, '黑胡椒', 5, '克', '', '香料', 1050),
(142, 50, '奶油', 50, '克', '融化', '油脂類', 1061),
(143, 50, '香草精', 5, '毫升', '', '香草', 1078),
(144, 50, '楓糖漿', 100, '毫升', '', '甜味調味料', 1019);

-- --------------------------------------------------------

--
-- 資料表結構 `contactus`
--

CREATE TABLE `contactus` (
  `id` int NOT NULL,
  `name` varchar(255) CHARACTER SET utf8mb4 COLLATE utf8mb4_general_ci NOT NULL,
  `email` varchar(255) CHARACTER SET utf8mb4 COLLATE utf8mb4_general_ci NOT NULL,
  `subject` varchar(255) CHARACTER SET utf8mb4 COLLATE utf8mb4_general_ci NOT NULL,
  `message` text CHARACTER SET utf8mb4 COLLATE utf8mb4_general_ci NOT NULL,
  `contactus_status` enum('pending','in_progress','resolved') CHARACTER SET utf8mb4 COLLATE utf8mb4_general_ci DEFAULT 'pending',
  `created_at` timestamp NULL DEFAULT CURRENT_TIMESTAMP
) ENGINE=InnoDB DEFAULT CHARSET=utf8mb4 COLLATE=utf8mb4_general_ci;

--
-- 傾印資料表的資料 `contactus`
--

INSERT INTO `contactus` (`id`, `name`, `email`, `subject`, `message`, `contactus_status`, `created_at`) VALUES
(1, '張偉民', 'zhangweimin@example.com', '產品詢問', '請問有關有機橄欖油的詳細資料嗎？', 'pending', '2025-02-25 00:30:00'),
(2, '李美婷', 'limeting@example.com', '訂單問題', '我收到的商品和訂單不符，能協助處理嗎？', 'in_progress', '2025-02-25 00:32:00'),
(3, '王志強', 'wangzhiqiang@example.com', '運送查詢', '我的訂單什麼時候會出貨？', 'pending', '2025-02-25 00:35:00'),
(4, '陳雲霞', 'chenyunxia@example.com', '帳號問題', '我無法登入我的帳號，請幫忙重設密碼。', 'resolved', '2025-02-25 00:40:00'),
(5, '李小敏', 'lixiaomin@example.com', '產品詢問', '你們的松露油目前有現貨嗎？', 'pending', '2025-02-25 00:45:00'),
(6, '楊志峰', 'yangzhifeng@example.com', '訂單取消', '我想取消訂單 #12456，可以協助嗎？', 'resolved', '2025-02-25 00:50:00'),
(7, '周淑華', 'zhoushuhua@example.com', '食譜建議', '有沒有推薦的藜麥食譜？', 'pending', '2025-02-25 00:55:00'),
(8, '孫浩宇', 'sunhaoyu@example.com', '退款請求', '我的訂單 #12457 是否能退費？', 'in_progress', '2025-02-25 01:00:00'),
(9, '朱文婷', 'zhuwenting@example.com', '產品詢問', '你們的無麩質義大利麵成分是什麼？', 'pending', '2025-02-25 01:05:00'),
(10, '吳俊傑', 'wujunjie@example.com', '帳號問題', '我忘記了我的密碼，能幫我重設嗎？', 'resolved', '2025-02-25 01:10:00'),
(11, '劉玉華', 'liuyuhua@example.com', '支付問題', '我在付款時被收費兩次，怎麼處理？', 'in_progress', '2025-02-25 01:15:00'),
(12, '高俊杰', 'gaojunjie@example.com', '訂單查詢', '我可以更改訂單的送貨地址嗎？', 'resolved', '2025-02-25 01:20:00'),
(13, '趙靜怡', 'zhaojingyi@example.com', '食譜建議', '有沒有素食咖哩的食譜可以推薦？', 'pending', '2025-02-25 01:25:00'),
(14, '馬麗娜', 'malina@example.com', '產品詢問', '乾燥香料的保質期是多少？', 'resolved', '2025-02-25 01:30:00'),
(15, '蔡雪雲', 'caixueyun@example.com', '運送查詢', '你們是否可以寄送到加拿大？', 'pending', '2025-02-25 01:35:00'),
(16, '張玲萍', 'zhanglingping@example.com', '產品供應', '有機香料可以批發購買嗎？', 'in_progress', '2025-02-25 01:40:00'),
(17, '方媛媛', 'fangyuanyuan@example.com', '訂單查詢', '訂單完成後多久會出貨呢？', 'resolved', '2025-02-25 01:45:00'),
(18, '許偉玲', 'xuweiling@example.com', '訂單問題', '為什麼我的訂單還沒有確認郵件？', 'pending', '2025-02-25 01:50:00'),
(19, '劉亞萍', 'liuyaiping@example.com', '帳號問題', '如何刪除我的帳戶呢？', 'in_progress', '2025-02-25 01:55:00'),
(20, '陳剛華', 'chenganghua@example.com', '產品詢問', '你們有香草味的無糖小吃嗎？', 'resolved', '2025-02-25 02:00:00'),
(21, '李東明', 'lidongming@example.com', '運送查詢', '為什麼我的包裹延遲了？', 'pending', '2025-02-25 02:05:00'),
(22, '林玉珍', 'linyuzhen@example.com', '產品供應', '你們是否提供乳製品免費的選擇？', 'resolved', '2025-02-25 02:10:00'),
(23, '沈冰雲', 'shenbingyun@example.com', '食譜建議', '能給我一個簡單的早餐食譜嗎？', 'pending', '2025-02-25 02:15:00'),
(24, '葉晨曦', 'yechenxi@example.com', '訂單問題', '我收到的商品有損壞，請協助處理。', 'in_progress', '2025-02-25 02:20:00'),
(25, '丁彥君', 'dingyanjun@example.com', '支付問題', '我的付款被拒絕了，但款項已經扣款，怎麼辦？', 'resolved', '2025-02-25 02:25:00'),
(26, '王芳玲', 'wangfangling@example.com', '產品詢問', '請問你們的椰漿含有什麼營養成分？', 'pending', '2025-02-25 02:30:00'),
(27, '彭鑫源', 'pengxinyuan@example.com', '訂單查詢', '如何追蹤我的訂單？', 'in_progress', '2025-02-25 02:35:00'),
(28, '郭飛翔', 'guofeixiang@example.com', '帳號問題', '我能更改帳戶中的電子郵件地址嗎？', 'resolved', '2025-02-25 02:40:00'),
(29, '李欣怡', 'lixinyi@example.com', '訂單取消', '我想取消訂單，在發貨前可以嗎？', 'pending', '2025-02-25 02:45:00'),
(30, '周鑫來', 'zhouxinlai@example.com', '產品詢問', '你們有賣無麩質的烘焙混合粉嗎？', 'resolved', '2025-02-25 02:50:00'),
(31, '宋娜娜', 'songnana@example.com', '食譜建議', '有推薦的義大利麵沙拉食譜嗎？', 'pending', '2025-02-25 02:55:00'),
(32, '黃強俊', 'huangqiangjun@example.com', '產品供應', '你們的薑粉什麼時候會再進貨？', 'in_progress', '2025-02-25 03:00:00'),
(33, '何倩雯', 'heqianwen@example.com', '運送查詢', '我可以選擇加急運送嗎？', 'pending', '2025-02-25 03:05:00'),
(34, '李曉陽', 'liaoyang@example.com', '退款請求', '我不小心買錯商品，能退費嗎？', 'resolved', '2025-02-25 03:10:00'),
(35, '陳超群', 'chenchaoshen@example.com', '帳號問題', '我更改了密碼後無法登入，怎麼處理？', 'in_progress', '2025-02-25 03:15:00'),
(36, '段慧雯', 'duanhuiwen@example.com', '產品詢問', '你們的產品是否含有人工防腐劑？', 'pending', '2025-02-25 03:20:00'),
(37, '葉晨彬', 'yechenbin@example.com', '訂單問題', '為什麼我的訂單還沒有送達？', 'resolved', '2025-02-25 03:25:00'),
(38, '李亞娜', 'liyana@example.com', '運送查詢', '國際運送需要多久？', 'pending', '2025-02-25 03:30:00'),
(39, '林青林', 'linqinglin@example.com', '產品供應', '你們有提供有機小吃嗎？', 'in_progress', '2025-02-25 03:35:00'),
(40, '王天宇', 'wangtianyu@example.com', '訂單問題', '我的訂單少了一個商品，能再補寄嗎？', 'resolved', '2025-02-25 03:40:00'),
(41, '劉佳欣', 'liujiapin@example.com', '訂單查詢', '能在下單後修改地址嗎？', 'pending', '2025-02-25 03:45:00'),
(42, '李金玲', 'lijinling@example.com', '食譜建議', '能給我一個無乳製品的蛋糕食譜嗎？', 'resolved', '2025-02-25 03:50:00'),
(43, '吳昊俊', 'wuhoujun@example.com', '運送查詢', '我能在訂單後更改送貨地址嗎？', 'pending', '2025-02-25 03:55:00'),
(44, '鄧勇剛', 'dengyonggang@example.com', '訂單取消', '訂單發貨後怎麼取消？', 'resolved', '2025-02-25 04:00:00'),
(45, '唐琳娜', 'tanglina@example.com', '產品詢問', '你們有賣無麩質的無糖點心嗎？', 'pending', '2025-02-25 04:05:00');

-- --------------------------------------------------------

--
-- 資料表結構 `dishes`
--

CREATE TABLE `dishes` (
  `id` int NOT NULL,
  `restaurant_id` int NOT NULL,
  `title` varchar(255) NOT NULL,
  `description` text,
  `is_signature` tinyint(1) DEFAULT '0',
  `image_url` varchar(255) DEFAULT NULL,
  `created_at` datetime DEFAULT CURRENT_TIMESTAMP
) ENGINE=InnoDB DEFAULT CHARSET=utf8mb4 COLLATE=utf8mb4_0900_ai_ci;

--
-- 傾印資料表的資料 `dishes`
--

INSERT INTO `dishes` (`id`, `restaurant_id`, `title`, `description`, `is_signature`, `image_url`, `created_at`) VALUES
(31, 1, '古法醬燒東坡肉', '【秋香樓人氣招牌】踏入秋香樓，這道經典東坡肉絕對不容錯過！台灣黑豬五花經過48小時的耐心慢燉，每一口都是時光與工藝的結晶。當你切下第一塊時，入口即化的口感伴隨特製醬汁的香氣撲鼻而來，讓人忍不住閉上眼睛細細品味。這不僅是一道菜，更是一場穿越古今的味覺旅程，難怪成為食客們口耳相傳的必點佳餚。', 1, '/images/recipes-img/recipe-15.webp', '2025-05-03 12:37:24'),
(32, 1, '松露野菇燉飯', '【森林的饗宴】當台灣高山的野生菇菌遇上義大利進口松露，會碰撞出什麼樣的火花？秋香樓的主廚用這道松露野菇燉飯給了我們答案。自製野菇高湯慢慢滲透每一粒米飯，帶來綿密而不失彈性的絕妙口感。第一口，你會被濃郁的菌菇香氣所環繞；第二口，松露的獨特芳香開始在舌尖跳舞。這道菜完美詮釋了東西方食材的和諧對話，是不可錯過的異國風味體驗。', 0, '/images/recipes-img/recipe-11.webp', '2025-05-03 12:37:24'),
(33, 1, '紅藜封烤櫻桃鴨', '【台灣味覺傳奇】想嘗試真正的台灣特色料理嗎？這道紅藜封烤櫻桃鴨將花東紅藜與台灣特有品種櫻桃鴨完美結合。主廚堅持傳統封烤技法，讓鴨皮達到金黃酥脆的完美境界，而肉質卻依然保持著多汁鮮嫩。配上特製梅子醬汁，一股酸甜交織的滋味在口中蔓延，與紅藜獨特的風味相得益彰。這不只是一道菜，更是台灣本土食材的驕傲展現！', 0, '/images/recipes-img/recipe-08.webp', '2025-05-03 12:37:24'),
(34, 2, '現撈海膽蒸蛋', '【每日限量美味】你有嘗過大海的甜蜜嗎？海天一線的招牌現撈海膽蒸蛋，就像是海洋送給饕客的珍貴禮物。每天清晨，主廚親自挑選當日捕獲的新鮮海膽，搭配來自本地放牧雞場的優質雞蛋。經過精準火候的蒸制後，呈現在你面前的是一碗如絲綢般細膩的蒸蛋，上面點綴著金黃誘人的海膽。輕輕一口，海膽的鮮甜濃郁瞬間在口中綻放，入口即化的質地讓人陶醉不已。這是一道真正能讓你感受海洋原始美味的頂級料理，難怪每天總是供不應求！', 1, '/images/recipes-img/recipe-01.webp', '2025-05-03 12:37:24'),
(35, 2, '岩礁石斑清蒸', '【大海的純粹饗宴】在海天一線的餐桌上，這道岩礁石斑清蒸彷彿是對海洋最虔誠的致敬。主廚每天清晨親赴漁港，只為挑選生長在東北角岩礁區的野生石斑。這些生活在多變水流環境中的石斑，肉質特別緊實有彈性。採用最傳統的低溫清蒸方式，讓石斑肉質的鮮甜完全釋放。當熱騰騰的石斑端上桌，淋上特製蔥薑汁的那一刻，撲鼻的香氣讓人食指大動。第一口咬下，魚肉的鮮美立即征服你的味蕾，這種純粹的海洋風味，正是真正美食家心中的至高享受。', 0, '/images/recipes-img/recipe-09.webp', '2025-05-03 12:37:24'),
(36, 2, '龍蝦湯燉麵線', '【海味精華的極致呈現】想像一下，一整隻新鮮龍蝦和多種海鮮的精華，經過八小時的耐心熬煮，最終化為一碗濃郁得令人驚嘆的海鮮高湯。海天一線的龍蝦湯燉麵線，就是這樣一道令人難忘的傑作。每一根手工麵線都像是海洋精靈，吸足了海鮮的精華。當你慢慢品嚐，湯頭的鮮甜在口中層層綻放，仿佛能聽到遠方海浪的呢喃。這不僅是一碗麵，更是一次對大海豐饒的完美致敬，讓每位顧客都能在都市中感受漁村的純真滋味。', 0, '/images/recipes-img/recipe-11.webp', '2025-05-03 12:37:24'),
(37, 3, '五行蔬果盤', '【禪意美學的視覺盛宴】走進禪悅，這道招牌五行蔬果盤彷彿不只是一道菜，更是一幅充滿禪意的藝術品。主廚精心挑選當季五色蔬果，按照中醫五行相生相剋的理論巧妙搭配。紅色的番茄代表火，綠色的芥藍代表木，白色的蓮藕代表金，黑色的木耳代表水，黃色的南瓜代表土。每種食材都經過獨特的處理方式，完美保留其原始風味與營養。當這道菜端上桌時，色彩的視覺衝擊與禪意的擺盤設計已讓人驚嘆不已。而當你品嚐第一口，清新自然的味道更是讓心靈獲得一絲寧靜。這不僅是一道蔬果盤，更是一場味覺與視覺的冥想之旅。', 1, '/images/recipes-img/recipe-10.webp', '2025-05-03 12:37:24'),
(38, 3, '蓮花鍋', '【素食者的奢華享受】禪悅的蓮花鍋不僅是一道料理，更是一場充滿儀式感的用餐體驗。精心設計的蓮花造型鍋具中，盛裝著耗時熬製的藥膳湯底。二十多種精選藥材的完美比例，創造出清爽不膩又充滿層次感的湯頭。當服務生將鍋具端上桌，揭開蓋子的瞬間，藥膳的香氣縈繞整個空間，讓人心神寧靜。配菜籃中的菌菇、山野蔬菜與手工素食丸子，都是主廚親自拜訪台灣各地小農所挑選的最佳食材。在這個充滿禪意的空間裡，享用這道蓮花鍋，彷彿不只是滿足口腹之慾，更是一次心靈的淨化之旅。', 0, '/images/recipes-img/recipe-12.webp', '2025-05-03 12:37:24'),
(39, 3, '紫米松露燉飯', '【東方穀物的西式華麗變身】紫米松露燉飯是禪悅對傳統素食的創新詮釋。台東有機紫米帶有淡淡的堅果香氣，與進口松露的高雅風味相互輝映，創造出讓人意想不到的和諧口感。主廚巧妙地加入多種菌菇慢炊，讓紫米吸收了菌菇的鮮味，同時保留了完整的口感與嚼勁。當這道燉飯端上桌時，深紫色的米飯配上點綴其中的菌菇，視覺上已是一道饗宴。而當松露的香氣撲鼻而來，即使是最挑剔的美食家也會為之動容。這是一道打破素食「清淡寡味」刻板印象的傑作，讓人重新定義素食的可能性。', 0, '/images/recipes-img/recipe-04.webp', '2025-05-03 12:37:24'),
(40, 4, '百年肉燥飯', '【一碗穿越時空的台南記憶】同安堂的百年肉燥飯不只是一道料理，更是一段被時間認證的台南故事。這碗看似平凡的肉燥飯，其實蘊藏著創始人家族百年來守護的祖傳配方。每天清晨，主廚就開始精選五花肉與多種古法香料，在老灶上慢火熬煮整整八小時。當油脂與香料的魔法在鍋中完成，散發出的香氣足以讓整條街的路人駐足。這碗肉燥的精華拌入特選台灣米飯中，看似簡單，卻蘊含著無法言喻的深度與層次。第一口，你會感受到肉燥的香氣；第二口，多種香料的微妙平衡開始在味蕾上跳舞；到了最後，你會發現自己已不知不覺將整碗飯一掃而空，這就是百年不變的台南味道的魔力。', 1, '/images/recipes-img/recipe-04.webp', '2025-05-03 12:37:24'),
(41, 4, '古早味蚵仔煎', '【台南海岸的鮮美傳說】同安堂的古早味蚵仔煎，彷彿是台南沿海漁村的味覺縮影。每天清晨，主廚都會親自前往漁港挑選當日最飽滿的鮮蚵，確保每一口都能嘗到海的鮮甜。精選的土雞蛋與特製地瓜粉比例恰到好處，在百年老鐵鍋上煎至金黃酥脆的外表下，是令人驚喜的多重口感。第一口咬下，外層的酥脆與內部蚵仔的鮮嫩形成絕妙對比，搭配特製醬料的酸甜，瞬間喚醒味蕾的每一個角落。這不僅是台南庶民美食的代表作，更是同安堂堅持傳統工藝的完美見證。許多老饕專程前來，就為了重溫這份充滿記憶的古早味。', 0, '/images/recipes-img/recipe-07.webp', '2025-05-03 12:37:24'),
(42, 4, '傳統擔仔麵', '【小碗中的台南靈魂】同安堂的傳統擔仔麵，每一口都是台南歷史的縮影。這碗看似樸實的麵品，其實凝聚了幾代人的智慧與堅持。手工製作的細麵有著獨特的韌性，完美搭配以豬骨、蝦頭與多種中藥材熬製整夜的高湯。當麵條與高湯相遇，彷彿進行了一場秘密的味覺對話。鋪在麵上的蒜酥、肉燥與半熟蛋，層層疊加出豐富的味道層次。第一口品嚐，你能感受到麵條的彈牙；第二口，湯頭的鮮美開始在口中蔓延；到了最後，所有配料的風味交織在一起，奏出一曲完美的味覺交響曲。這就是台南小吃的精髓，看似簡單，卻蘊含著無盡的深度與故事。', 0, '/images/recipes-img/recipe-01.webp', '2025-05-03 12:37:24'),
(43, 5, '霧台松茸燉飯', '【高山珍饈的奢華體驗】在山月樓的招牌菜單中，霧台松茸燉飯無疑是最令人驚嘆的存在。每年只有短短幾週的採收期，台灣高山松茸以其稀有性和獨特風味成為食材中的貴族。主廚親自前往霧台山區，與當地原住民一同尋找這份來自大自然的珍饈。回到廚房後，這些珍貴的松茸與日本頂級米相遇，在職人的手法下慢慢燉煮。當第一碗松茸燉飯端上桌時，撲鼻而來的獨特香氣已讓人陶醉不已。第一口品嚐，松茸的鮮美與米飯完美融合，每一粒米都閃耀著來自高山的神秘氣息。這不僅是一道燉飯，更是台日食材的絕妙碰撞，是山月樓最驕傲的招牌之作。', 1, '/images/recipes-img/recipe-08.webp', '2025-05-03 12:37:24'),
(44, 5, '檜木燻鮭魚', '【台灣森林與北歐海洋的詩意對話】山月樓的檜木燻鮭魚，是一場跨越山海的味覺盛宴。主廚精心挑選台灣千年檜木的木屑，用來燻製從挪威空運而來的頂級鮭魚。在低溫燻製的過程中，檜木的獨特香氣緩緩滲透進鮭魚的每一寸肌理，創造出前所未有的味覺體驗。當這道菜端上桌時，檜木的淡雅香氣已悄然環繞四周。第一口品嚐，鮭魚細膩的口感依然完美保留，而檜木的芳香在口中緩緩展開，彷彿置身於台灣高山的檜木林間。這道菜不僅是一次味覺的享受，更是台灣特色與國際食材的絕妙融合，展現了主廚對跨文化料理的深刻理解。', 0, '/images/recipes-img/recipe-09.webp', '2025-05-03 12:37:24'),
(45, 5, '梅酒漬和牛', '【東方果香遇見和牛之王】山月樓的梅酒漬和牛是一場味蕾的華麗冒險。主廚精選日本A5和牛，這種被譽為牛肉界頂級存在的食材，與台灣自釀梅酒展開了一場奇妙的相遇。和牛在梅酒中浸泡24小時，酒香與果香慢慢滲透進肉質的每一個細胞。經過低溫煎烤後，和牛外表形成完美的焦糖色澤，內部依然保持著理想的熟度。當第一塊和牛送入口中，你會立刻被震撼：和牛標誌性的油花在口中緩緩融化，梅酒的微酸甜風味在舌尖跳躍，兩種截然不同的元素碰撞出驚人的和諧。這道菜不僅口感豐富，層次分明，更是一場東方與日本飲食文化的完美對話。', 0, '/images/recipes-img/recipe-13.webp', '2025-05-03 12:37:24'),
(46, 6, '招牌香酥雞', '【夜市傳奇】阿財的招牌香酥雞，可說是台灣夜市文化的活傳奇！每一塊雞肉都來自精心挑選的台灣本土放山雞，肉質結實有嚼勁，完全不同於一般速食炸雞的口感。經過主廚特製醃料的12小時淬煉，雞肉已經吸收了多種香料的精華。裹上獨門研發的麵粉配方後，在特定溫度的油鍋中炸至金黃酥脆。當熱騰騰的炸雞端出，灑上阿財特調辣椒鹽的那一刻，整個攤位都彌漫著無法抗拒的香氣！第一口咬下，外皮的酥脆與內部的多汁形成完美對比，辣椒鹽的獨特風味更是畫龍點睛，難怪連國際遊客都慕名而來，只為一嚐這台灣夜市的招牌美食。', 1, '/images/recipes-img/recipe-03.webp', '2025-05-03 12:37:24'),
(47, 6, '香脆四季豆', '【素食者的炸物天堂】在阿財鹽酥雞的人氣菜單中，這道香脆四季豆堪稱是素食者的最愛！每天清晨，阿財師傅親自前往高雄在地農場挑選最新鮮飽滿的四季豆，確保每一根都處於完美的鮮嫩狀態。經過獨特的油炸技法，四季豆的表皮達到令人驚嘆的酥脆程度，而內部卻依然保持著蔬菜的鮮脆口感。當一盤金黃誘人的四季豆端上桌，灑上特調胡椒鹽的那一刻，香氣四溢，讓人食指大動。第一口咬下，「喀滋」的脆響伴隨著四季豆的鮮甜在口中綻放，即使是不愛吃蔬菜的孩子也會愛上這道美食。這不僅是一道小吃，更是阿財對食材的尊重與創新的完美體現。', 0, '/images/recipes-img/recipe-05.webp', '2025-05-03 12:37:24'),
(48, 6, '黃金地瓜條', '【甜而不膩的完美點心】阿財的黃金地瓜條，是台灣小吃的隱藏版傑作！每一根地瓜條都來自台南金黃地瓜，這種台灣特有品種以其細膩質地和濃郁甜度聞名。師傅將地瓜切成完美大小的條狀後，巧妙地以特製糖水浸泡，讓甜味自然滲透而不顯得膩口。經過精確控溫的中溫油炸，地瓜條外表呈現誘人的金黃色澤，內部卻保持著軟糯的口感。當熱騰騰的地瓜條端上桌時，甜香四溢，令人垂涎欲滴。第一口咬下，外層的酥脆與內部的香甜形成絕妙對比，無論是作為餐後甜點還是下酒小菜，都堪稱完美。這道看似簡單的小吃，卻凝聚了阿財數十年對炸物的執著與熱愛。', 0, '/images/recipes-img/recipe-13.webp', '2025-05-03 12:37:24'),
(49, 7, '春日野菜拼盤', '【台灣山野的季節饗宴】翠園的招牌春日野菜拼盤，宛如一幅色彩繽紛的山野畫卷。主廚每天清晨親自前往郊外山林，尋找當季最鮮美的野菜，包括翠綠的龍鬚菜、口感獨特的過貓、清香爽口的馬齒莧等台灣特有野菜。這些野菜從採集到餐桌，只經過短短數小時，保證了最佳的新鮮度與營養價值。主廚堅持以最簡單的橄欖油與海鹽調味，讓每種野菜的原始風味得以完整展現。當這道拼盤端上桌時，十種野菜以彩虹般的漸層排列，視覺上已是一場盛宴。第一口品嚐，來自大自然的鮮甜立即在舌尖綻放，讓都市人重新感受台灣山野的豐富物產。這不僅是一道菜，更是翠園對台灣土地的深情告白。', 1, '/images/recipes-img/recipe-11.webp', '2025-05-03 12:37:24'),
(50, 7, '有機農場沙拉', '【與土地對話的清新之作】翠園的有機農場沙拉不只是一道前菜，更是一場與新竹小農的真誠合作。主廚與在地農夫建立長期夥伴關係，確保每一片葉菜、每一顆水果都是在無農藥環境中自然生長。這些來自有機農場的寶藏在抵達餐廳後，經過主廚的巧手點綴，搭配自製柚子醋調味。當第一口沙拉送入口中，新鮮蔬果的甘甜與柚子醋的微酸完美融合，舌尖還能捕捉到台灣特有柑橘的獨特香氣。這道沙拉不僅開胃爽口，更蘊含了翠園對永續飲食、支持本地小農的堅定信念。許多客人表示，這是他們品嚐過最有「台灣味」的沙拉，每一口都能感受到土地的溫度與農夫的用心。', 0, '/images/recipes-img/recipe-12.webp', '2025-05-03 12:37:24'),
(51, 7, '五色藜麥飯', '【全球與在地的健康對話】翠園的五色藜麥飯是一場營養與美味的完美結合。這道創意料理將台灣紅藜與進口彩色藜麥巧妙融合，再加入各種當季堅果與時令蔬菜一同烹煮。當這道色彩繽紛的藜麥飯端上桌時，視覺上的驚喜已足以讓人眼前一亮。第一口品嚐，你會驚訝於藜麥飯的豐富口感：台灣紅藜的微甜、彩色藜麥的嚼勁、堅果的香脆、時令蔬菜的鮮甜，多層次的風味在口中交織出和諧的美味。這不僅是一道主食，更是翠園對健康飲食理念的完美詮釋。許多顧客表示，這道藜麥飯讓他們重新定義了「健康料理」的概念，證明營養均衡與美味可口並非對立的選項。', 0, '/images/recipes-img/recipe-13.webp', '2025-05-03 12:37:24'),
(52, 8, '老街麻辣湯底', '【一碗征服千萬饕客的紅色誘惑】老江湖火鍋的靈魂所在，非這碗老街麻辣湯底莫屬！這是一場歷時48小時的味覺魔法，主廚將四川、重慶與台灣本土辣椒完美融合，再加入多達30種中藥材慢火熬煮。當鍋蓋掀開的那一刻，撲鼻而來的香氣已讓人口水直流。紅艷的湯底下隱藏著無數食材的精華，麻辣的層次感分明：先是舌尖感受到的辣味，緊接著是逐漸蔓延的麻感，最後是中藥材帶來的獨特香氣在口中回甘。難怪連不敢吃辣的人都忍不住一再回訪，只為再次挑戰這碗讓人上癮的麻辣湯底。許多老饕甚至表示，這或許是台北最接近重慶老街風味的火鍋湯底，每一口都是一場麻辣的冒險。', 1, '/images/recipes-img/recipe-06.webp', '2025-05-03 12:37:24'),
(53, 8, '蚵仔煎丸子', '【台灣小吃的創意重生】老江湖火鍋的蚵仔煎丸子，是傳統與創新的絕妙碰撞！主廚將台灣夜市經典小吃「蚵仔煎」的精華，巧妙融入手工丸子之中。每一顆丸子都包含著新鮮飽滿的鮮蚵，搭配特製麵糊與獨家香料。當丸子下入滾燙的麻辣湯底，表面迅速形成誘人的金黃色澤，內部的鮮蚵依然保持著海洋的鮮甜。第一口咬下，外層酥脆與內部鮮嫩的完美對比，加上麻辣湯底的熏陶，創造出一種前所未有的味覺體驗。這道創意小食已成為老江湖的招牌之一，許多客人專程前來，就為了品嚐這個將台灣傳統小吃重新詮釋的美味創作。這不僅是一道菜，更是台灣飲食文化生命力的絕佳見證。', 0, '/images/recipes-img/recipe-03.webp', '2025-05-03 12:37:24'),
(54, 8, '懷舊滷肉拼盤', '【五種滷味的味覺時光機】老江湖火鍋的懷舊滷肉拼盤，是一場穿越時空的味覺之旅。主廚精選五種傳統滷味，包括入味的大腸、嚼勁十足的豬耳、香嫩可口的鴨翅等，全都採用祖傳古法慢火滷製整整一天一夜。每一種食材都吸飽了醬汁的精華，散發著令人懷念的古早味道。更令人驚喜的是，這些滷味並非隨意堆放在盤中，而是經過巧妙排列，呈現出台北老街的懷舊景象。當這道拼盤端上桌時，不只是一場味覺的饗宴，更是一次視覺的享受。許多年長顧客表示，一口咬下，彷彿回到了兒時的台北老街，那種滋味，不只是美食，更是滿滿的回憶與情感。', 0, '/images/recipes-img/recipe-05.webp', '2025-05-03 12:37:24'),
(55, 9, '永續海鮮拼盤', '【對海洋的尊重與愛】漁村食堂的招牌永續海鮮拼盤，不只是一道料理，更是一份對海洋生態的鄭重承諾。每一天，主廚都與堅持永續捕撈的漁民合作，挑選符合永續標準的當日漁獲。石斑魚的肉質緊實有彈性，鯛魚的鮮甜令人回味，小卷的嫩滑入口即化...每一種海鮮都以最簡單的蒸煮方式處理，尊重食材的原始風味。當這道拼盤端上桌時，原始海鮮的鮮甜香氣已讓人食指大動。搭配特製的薑蔥醬，僅僅是提味，絕不喧賓奪主。第一口品嚐，海的純淨鮮美瞬間在口中綻放，讓人驚嘆大自然的慷慨饋贈。這道菜不僅美味無比，更傳達了漁村食堂對海洋永續發展的堅定信念，讓每位顧客在享受美食的同時，也參與了海洋保育的重要行動。', 1, '/images/recipes-img/recipe-08.webp', '2025-05-03 12:37:24'),
(56, 9, '漁夫炒飯', '【漁港清晨的第一道曙光】想嘗嘗真正漁民出海前的活力早餐嗎？漁村食堂的漁夫炒飯將這份純樸的漁港風味完美重現。每一鍋炒飯都使用當日漁船帶回的新鮮小蝦仁、飽滿花蛤與各種海鮮作為提味主角，再加入在地小農的季節蔬菜與手工醃漬的金黃蛋黃。主廚掌握著旺火快炒的精準火候，讓每一粒米飯都裹上海鮮的鮮美精華。當熱騰騰的漁夫炒飯端上桌時，海鮮的鮮香立即撲鼻而來，讓人食慾大開。第一口嚐下，米飯的彈牙與海鮮的甘甜在口中交織，鹹香適中不膩口，正是漁民需要的那份能量來源。這不只是一碗炒飯，更是漁村文化的縮影，讓都市人也能體驗那份面向大海、充滿活力的漁村早晨。', 0, '/images/recipes-img/recipe-10.webp', '2025-05-03 12:37:24'),
(57, 9, '船長海鮮湯', '【漁村智慧的晶瑩結晶】漁村食堂的船長海鮮湯，是一場對大自然的感恩與尊重。在漁村，沒有浪費的觀念早已深植人心。這碗看似清澈見底的海鮮湯，其實凝聚了漁村幾代人的智慧結晶。主廚收集當日捕撈後的各種魚骨與海鮮邊料，加入特選香料與時令蔬菜，慢火熬煮數小時。湯頭雖然清澈，卻蘊含著深厚的鮮味，口感甘甜不膩。船長特製的手工魚丸更是點睛之筆，鮮嫩彈牙，充滿海洋的鮮美。當這碗湯端上桌時，許多客人都會驚訝於它的清澈外表下隱藏的豐富風味。這不僅是一道美味的湯品，更體現了漁村「物盡其用」的永續精神，讓每一位品嚐者都能感受到漁村人民對大海的那份深情與敬意。', 0, '/images/recipes-img/recipe-02.webp', '2025-05-03 12:37:24'),
(58, 10, '四季調和湯', '【順應節氣的身體守護者】北醫藥膳坊的招牌四季調和湯，是一碗融合古老智慧與現代營養學的養生傑作。主廚深諳中醫「天人合一」的理念，根據二十四節氣的變化，精心調整湯品配方。春季版本特別添加當歸、黃耆等補氣血的珍貴中藥材，搭配時令蔬果慢火燉煮。當這碗湯品上桌時，淡雅的藥香已然撲鼻，卻不會有中藥的苦澀味道。第一口品嚐，溫潤的湯汁緩緩滑過喉嚨，帶著一絲甘甜與溫暖，彷彿是大地對身體的溫柔撫慰。許多常客表示，堅持每週飲用這款隨季節變化的藥膳湯後，不僅體質改善，連季節交替時的不適感都明顯減輕。這不僅是一道湯品，更是北醫藥膳坊送給現代人最貼心的養生禮物，滋補卻不燥熱，正是繁忙生活中最需要的平衡之道。', 1, '/images/recipes-img/recipe-12.webp', '2025-05-03 12:37:24'),
(59, 10, '養生藥膳燉雞', '【古法今用的溫潤滋補】北醫藥膳坊的養生藥膳燉雞，是一道讓人回味無窮的傳統好味。主廚嚴選台灣在地放山黑羽雞，這種生長緩慢、肉質結實的珍貴品種，是藥膳料理的理想食材。將雞肉與精心挑選的溫補中藥如枸杞、紅棗、黃精等一同放入砂鍋，以文火慢燉整整六小時。當砂鍋蓋掀開的一剎那，濃郁的藥香與雞肉的鮮香交織在一起，令人食慾大開。雞肉在長時間燉煮後依然保持著鮮嫩多汁，入口即化，而湯汁中則蘊含著中藥的精華，每一口都能感受到滿滿的溫潤與滋補。許多顧客表示，尤其是在寒冷的冬季或是身體虛弱時，這道藥膳燉雞仿佛有魔法般的療愈力量，溫暖身心的同時也補充了身體所需的元氣。對於氣血不足、體質虛弱的現代人來說，這無疑是一道值得定期享用的養生佳餚。', 0, '/images/recipes-img/recipe-03.webp', '2025-05-03 12:37:24'),
(60, 10, '五行平衡茶飯', '【東方智慧的現代演繹】北醫藥膳坊的五行平衡茶飯，是一道將古老中醫理論融入現代餐桌的巧思料理。根據五行相生相剋的原理，主廚精心挑選五種對應不同臟腑的食材：代表心的紅棗，代表肝的綠葉蔬菜，代表脾的黃薑，代表肺的白蘿蔔，代表腎的黑木耳。這些食材與優質米飯一同烹調，創造出色香味俱全的一道主食。當碗盤端上桌時，五色食材在米飯中相互輝映，宛如一幅色彩斑斕的東方水墨畫。第一口嚐下，各種食材的風味在口中次第綻放，層次豐富而不雜亂。這道茶飯不僅美味可口，更蘊含了中醫「食療即醫療」的深刻智慧，讓享用者在滿足味蕾的同時，也達到五臟調和的養生目的。許多忙碌的現代人表示，這道看似簡單的茶飯，卻能帶來久違的身心平衡感，是都市生活中不可多得的療癒美食。', 0, '/images/recipes-img/recipe-01.webp', '2025-05-03 12:37:24');

-- --------------------------------------------------------

--
-- 資料表結構 `favorites`
--

CREATE TABLE `favorites` (
  `id` int NOT NULL,
  `user_id` int NOT NULL,
  `recipe_id` bigint UNSIGNED NOT NULL,
  `created_at` datetime DEFAULT CURRENT_TIMESTAMP
) ENGINE=InnoDB DEFAULT CHARSET=utf8mb4 COLLATE=utf8mb4_0900_ai_ci;

--
-- 傾印資料表的資料 `favorites`
--

INSERT INTO `favorites` (`id`, `user_id`, `recipe_id`, `created_at`) VALUES
(3, 38, 42, '2025-05-11 02:13:05'),
(17, 50, 42, '2025-05-11 12:23:59'),
(19, 50, 34, '2025-05-11 14:21:12'),
(22, 50, 1, '2025-05-11 15:01:50'),
(23, 50, 50, '2025-05-11 15:01:55'),
(24, 50, 30, '2025-05-11 15:07:18'),
(25, 50, 22, '2025-05-11 15:07:19'),
(26, 50, 48, '2025-05-11 21:08:18'),
(27, 50, 6, '2025-05-11 21:08:22'),
(64, 38, 24, '2025-05-13 02:19:00'),
(71, 38, 1, '2025-05-13 03:00:03'),
(72, 38, 30, '2025-05-13 03:00:06'),
(77, 38, 6, '2025-05-20 20:59:41');

-- --------------------------------------------------------

--
-- 資料表結構 `food_products`
--

CREATE TABLE `food_products` (
  `id` int NOT NULL,
  `name` varchar(255) CHARACTER SET utf8mb4 COLLATE utf8mb4_0900_ai_ci NOT NULL,
  `brand` varchar(100) NOT NULL,
  `category` varchar(50) NOT NULL,
  `price` decimal(10,2) DEFAULT NULL,
  `original_price` decimal(10,2) DEFAULT NULL,
  `description` text,
  `specifications` text,
  `image_url` varchar(255) CHARACTER SET utf8mb4 COLLATE utf8mb4_0900_ai_ci DEFAULT NULL,
  `stock_status` varchar(20) DEFAULT NULL,
  `keywords` text
) ENGINE=InnoDB DEFAULT CHARSET=utf8mb4 COLLATE=utf8mb4_0900_ai_ci;

--
-- 傾印資料表的資料 `food_products`
--

INSERT INTO `food_products` (`id`, `name`, `brand`, `category`, `price`, `original_price`, `description`, `specifications`, `image_url`, `stock_status`, `keywords`) VALUES
(1001, '有機紅蘿蔔', '綠森活', '肉類', 39.00, 45.00, '新鮮有機紅蘿蔔，富含胡蘿蔔素和維生素A，適合煮湯或製作沙拉。', '產地: 台灣, 重量: 約300g/包', '/images/FoodProduct/pro-01.webp', '有庫存', '有機 紅蘿蔔 蔬菜 健康 生鮮'),
(1002, '特級木瓜', '陽光鮮果', '水果類', 85.00, 95.00, '台灣在地種植的特級木瓜，肉質甜美細緻，營養豐富。', '產地: 台灣, 重量: 約600g/顆', '/images/FoodProduct/pro-02.webp', '有貨', '木瓜 水果 台灣 在地 營養'),
(1003, '日本A5和牛肋眼', '和風肉舖', '肉類', 1280.00, 1500.00, '日本進口A5等級和牛肋眼，油花分布均勻，入口即化。', '產地: 日本, 重量: 200g/包, 保存: 冷凍', '/images/FoodProduct/pro-03.webp', '有貨', '和牛 日本 A5 高級 肋眼 牛肉'),
(1004, '有機菠菜', '綠活天然', '蔬菜類', 45.00, 50.00, '無農藥栽種的有機菠菜，葉片翠綠飽滿，富含鐵質和葉酸。', '產地: 台灣, 重量: 約250g/包', '/images/FoodProduct/pro-04.webp', '有貨', '菠菜 有機 無農藥 鐵質 葉菜'),
(1005, '野生鮭魚片', '海之味', '海鮮類', 320.00, 350.00, '阿拉斯加野生鮭魚片，肉質鮮嫩多汁，富含Omega-3脂肪酸。', '產地: 阿拉斯加, 重量: 300g/包, 保存: 冷凍', '/images/FoodProduct/pro-05.webp', '有貨', '鮭魚 野生 阿拉斯加 Omega-3 健康'),
(1006, '特選黑豬五花肉', '台畜精選', '肉類', 180.00, 200.00, '台灣特選黑豬五花肉，肉質細嫩多汁，油花分布均勻。', '產地: 台灣, 重量: 300g/包, 保存: 冷藏', '/images/FoodProduct/pro-06.webp', '有貨', '黑豬 五花肉 台灣 在地 烤肉'),
(1007, '有機糙米', '米鄉良品', '米/麵類', 129.00, 150.00, '台東有機種植的優質糙米，保留完整營養，香Q可口。', '產地: 台東, 重量: 2kg/包, 保存期限: 12個月', '/images/FoodProduct/pro-07.webp', '有貨', '糙米 有機 台東 健康 主食'),
(1008, '冷凍藍莓', '北極果園', '冷凍食品', 120.00, 135.00, '進口冷凍藍莓，新鮮速凍保留營養，適合製作果醬或烘焙。', '產地: 加拿大, 重量: 500g/包, 保存: 冷凍', '/images/FoodProduct/pro-08.webp', '有貨', '藍莓 冷凍 抗氧化 烘焙 水果'),
(1009, '橄欖油', '托斯卡尼', '調味品', 380.00, 420.00, '義大利特級初榨橄欖油，風味醇厚，適合涼拌或低溫烹調。', '產地: 義大利, 容量: 500ml, 酸度: 0.3%', '/images/FoodProduct/pro-09.webp', '有貨', '橄欖油 初榨 義大利 健康 調味'),
(1010, '意大利麵', '帕斯達家', '米/麵類', 75.00, 85.00, '義大利進口杜蘭小麥製成，口感有嚼勁，適合各種義大利麵料理。', '產地: 義大利, 重量: 500g/包, 成分: 杜蘭小麥', '/images/FoodProduct/pro-10.webp', '有貨', '義大利麵 進口 杜蘭小麥 主食 料理'),
(1011, '新鮮雞蛋', '快樂農場', '蛋類', 80.00, 85.00, '放養雞自然產下的新鮮雞蛋，蛋黃飽滿，營養豐富。', '產地: 台灣, 數量: 10顆/盒, 保存: 冷藏', '/images/FoodProduct/pro-11.webp', '有貨', '雞蛋 放養 新鮮 營養 烹飪'),
(1012, '有機綠茶包', '自然茗品', '飲品原料', 150.00, 180.00, '有機認證綠茶葉，茶香清新淡雅，富含抗氧化物質。', '產地: 台灣, 重量: 20包/盒, 無添加', '/images/FoodProduct/pro-12.webp', '有貨', '綠茶 有機 茶包 抗氧化 飲品'),
(1013, '生鮮板豆腐', '豆之味', '豆製品', 35.00, 40.00, '純天然製作的傳統板豆腐，質地細緻，富含植物蛋白質。', '產地: 台灣, 重量: 300g/盒, 保存: 冷藏', '/images/FoodProduct/pro-13.webp', '有貨', '豆腐 植物蛋白 純天然 素食 料理'),
(1014, '冷凍海鮮什錦', '深海之味', '海鮮類', 350.00, 390.00, '精選各種新鮮海鮮速凍包裝，包含蝦、魷魚、貝類等。', '成分: 綜合海鮮, 重量: 500g/包, 保存: 冷凍', '/images/FoodProduct/pro-14.webp', '有貨', '海鮮 綜合 冷凍 火鍋 料理'),
(1015, '有機蘋果', '果園精選', '水果類', 95.00, 105.00, '有機種植無農藥蘋果，皮薄多汁，自然甜度高。', '產地: 紐西蘭, 重量: 4顆/包, 品種: 富士', '/images/FoodProduct/pro-15.webp', '有貨', '蘋果 有機 無農藥 水果 健康'),
(1016, '手工麵包', '麥田烘焙', '烘焙食品', 60.00, 68.00, '手工製作歐式麵包，外酥內軟，使用天然酵母發酵。', '成分: 麵粉/酵母/鹽, 重量: 300g/個, 保存: 室溫', '/images/FoodProduct/pro-16.webp', '有貨', '麵包 手工 歐式 麵食 烘焙'),
(1017, '冷壓椰子油', '熱帶風情', '調味品', 280.00, 320.00, '冷壓萃取純椰子油，可用於烹飪或保養品製作。', '產地: 泰國, 容量: 500ml, 製程: 冷壓萃取', '/images/FoodProduct/pro-17.webp', '有貨', '椰子油 冷壓 天然 健康 多用途'),
(1018, '新鮮鱸魚', '海洋直送', '海鮮類', 220.00, 250.00, '新鮮捕撈的台灣鱸魚，肉質細嫩鮮甜，適合清蒸或煎煮。', '產地: 台灣, 重量: 約600g/尾, 保存: 冷藏', '/images/FoodProduct/pro-18.webp', '有貨', '鱸魚 新鮮 台灣 海鮮 蛋白質'),
(1019, '有機蜂蜜', '蜜蜂農場', '調味品', 420.00, 450.00, '純天然無添加有機蜂蜜，味道醇厚，營養豐富。', '產地: 台灣, 容量: 500g, 認證: 有機', '/images/FoodProduct/pro-19.webp', '有貨', '蜂蜜 有機 天然 調味 健康'),
(1020, '新鮮香菇', '菇菇樂園', '菇類', 65.00, 75.00, '台灣高山種植新鮮香菇，肉質厚實，香氣濃郁。', '產地: 台灣, 重量: 200g/盒, 保存: 冷藏', '/images/FoodProduct/pro-20.webp', '有貨', '香菇 鮮菇 台灣 高山 料理'),
(1021, '進口牛奶', '牧場之選', '乳製品', 90.00, 98.00, '紐西蘭進口全脂鮮乳，口感香醇，高鈣高蛋白。', '產地: 紐西蘭, 容量: 1L, 種類: 全脂', '/images/FoodProduct/pro-21.webp', '有貨', '牛奶 進口 全脂 高鈣 營養'),
(1022, '手工鮮肉水餃', '家鄉味道', '冷凍食品', 130.00, 145.00, '純手工包製鮮肉水餃，內餡多汁，皮薄餡大。', '成分: 豬肉/高麗菜, 重量: 30顆/包, 保存: 冷凍', '/images/FoodProduct/pro-22.webp', '有貨', '水餃 手工 豬肉 冷凍 料理'),
(1023, '柳橙汁', '鮮果飲品', '飲品原料', 75.00, 85.00, '100%純柳橙原汁，無添加糖分及防腐劑。', '成分: 柳橙原汁, 容量: 1L, 無添加', '/images/FoodProduct/pro-23.webp', '有貨', '柳橙汁 純果汁 無添加 維生素C 飲品'),
(1024, '高級松阪豬肉', '肉品專家', '肉類', 380.00, 420.00, '進口高級松阪豬肉，油花分布均勻，口感嫩滑多汁。', '產地: 日本, 重量: 200g/包, 保存: 冷凍', '/images/FoodProduct/pro-24.webp', '有貨', '松阪豬 進口 特級 烤肉 料理'),
(1025, '有機紅茶', '茶香世家', '飲品原料', 165.00, 185.00, '有機認證紅茶葉，色澤紅潤，香氣濃郁。', '產地: 斯里蘭卡, 重量: 20包/盒, 認證: 有機', '/images/FoodProduct/pro-25.webp', '有貨', '紅茶 有機 茶包 天然 飲品'),
(1026, '義式起司', '歐洲風情', '乳製品', 175.00, 195.00, '義大利進口莫扎瑞拉起司，質地柔軟，風味獨特。', '產地: 義大利, 重量: 200g/包, 種類: 莫扎瑞拉', '/images/FoodProduct/pro-26.webp', '有貨', '起司 莫扎瑞拉 義大利 進口 烹飪'),
(1027, '新鮮檸檬', '果香園', '水果類', 15.00, 18.00, '台灣在地種植檸檬，皮薄多汁，香氣濃郁。', '產地: 台灣, 重量: 約150g/顆, 品種: 台灣檸檬', '/images/FoodProduct/pro-27.webp', '有貨', '檸檬 台灣 新鮮 調味 維生素C'),
(1028, '冷凍麵糰', '烘焙工坊', '烘焙食品', 95.00, 105.00, '預先製作冷凍麵糰，解凍後即可烘烤，方便實用。', '成分: 麵粉/酵母/鹽, 重量: 500g/包, 保存: 冷凍', '/images/FoodProduct/pro-28.webp', '有貨', '麵糰 冷凍 烘焙 方便 速食'),
(1029, '有機牛肝菌', '菌菇之家', '菇類', 220.00, 240.00, '有機種植牛肝菌，香氣獨特，適合燉湯或炒食。', '產地: 法國, 重量: 100g/包, 保存: 冷藏', '/images/FoodProduct/pro-29.webp', '有貨', '牛肝菌 有機 進口 菇類 料理'),
(1030, '鮮榨椰奶', '熱帶風味', '調味品', 85.00, 95.00, '100%純椰肉鮮榨椰奶，無添加，濃郁香甜。', '產地: 泰國, 容量: 400ml, 無添加', '/images/FoodProduct/pro-30.webp', '有貨', '椰奶 鮮榨 無添加 烹飪 泰式'),
(1031, '黑芝麻醬', '養生坊', '調味品', 110.00, 125.00, '純黑芝麻研磨製成，濃郁香醇，富含營養。', '成分: 黑芝麻, 容量: 250g, 無添加糖', '/images/FoodProduct/pro-31.webp', '有貨', '芝麻醬 黑芝麻 養生 調味 醬料'),
(1032, '新鮮蛤蜊', '海鮮工房', '海鮮類', 120.00, 135.00, '當日捕撈新鮮蛤蜊，肉質飽滿，適合煮湯或炒食。', '產地: 台灣, 重量: 500g/包, 保存: 冷藏', '/images/FoodProduct/pro-32.webp', '有貨', '蛤蜊 新鮮 海鮮 貝類 湯品'),
(1033, '義式番茄醬', '歐風美味', '調味品', 80.00, 90.00, '義大利進口番茄製成，酸甜適中，適合製作義大利麵醬。', '產地: 義大利, 容量: 350g, 成分: 番茄/香料', '/images/FoodProduct/pro-33.webp', '有貨', '番茄醬 義大利 醬料 西餐 調味'),
(1034, '上等鹽烤杏仁', '堅果王國', '零食', 165.00, 180.00, '精選杏仁輕鹽烤製，香脆可口，營養豐富。', '產地: 美國, 重量: 200g/包, 成分: 杏仁/海鹽', '/images/FoodProduct/pro-34.webp', '有貨', '杏仁 堅果 烤製 零食 健康'),
(1035, '有機紫米', '米穀之家', '米/麵類', 95.00, 110.00, '有機種植黑糯米，口感Q彈，色澤紫黑亮麗。', '產地: 台灣, 重量: 1kg/包, 認證: 有機', '/images/FoodProduct/pro-35.webp', '有貨', '紫米 有機 糯米 主食 養生'),
(1036, '新鮮草莓', '莓果樂園', '水果類', 120.00, 130.00, '台灣高山種植草莓，甜度高，香氣濃郁。', '產地: 台灣, 重量: 400g/盒, 季節: 冬春', '/images/FoodProduct/pro-36.webp', '有貨', '草莓 台灣 高山 季節 水果'),
(1037, '特級橄欖油', '地中海風情', '調味品', 450.00, 480.00, '西班牙特級初榨橄欖油，風味獨特，品質卓越。', '產地: 西班牙, 容量: 750ml, 等級: 特級初榨', '/images/FoodProduct/pro-37.webp', '有貨', '橄欖油 特級 西班牙 初榨 烹飪'),
(1038, '活力燕麥片', '穀物精選', '穀物類', 130.00, 145.00, '澳洲進口燕麥片，纖維豐富，營養均衡。', '產地: 澳洲, 重量: 800g/包, 種類: 大片燕麥', '/images/FoodProduct/pro-38.webp', '有貨', '燕麥 早餐 纖維 澳洲 健康'),
(1039, '手工餅乾', '點心工坊', '烘焙食品', 110.00, 120.00, '純手工製作曲奇餅乾，口感酥脆，天然食材。', '成分: 麵粉/奶油/糖, 重量: 250g/盒, 保存: 常溫', '/images/FoodProduct/pro-39.webp', '有貨', '餅乾 手工 點心 零食 烘焙'),
(1040, '新鮮綠花椰菜', '綠色蔬果', '蔬菜類', 55.00, 60.00, '新鮮採收綠花椰菜，口感清脆，富含維生素。', '產地: 台灣, 重量: 約400g/株, 保存: 冷藏', '/images/FoodProduct/pro-40.webp', '有貨', '花椰菜 綠色蔬菜 新鮮 健康 料理'),
(1041, '特選松露醬', '饕客珍品', '調味品', 380.00, 420.00, '義大利進口黑松露醬，香氣獨特，風味濃郁。', '產地: 義大利, 容量: 80g, 成分: 橄欖油/黑松露', '/images/FoodProduct/pro-41.webp', '有貨', '松露 醬料 義大利 高級 調味'),
(1042, '熟成雞胸肉', '健身餐點', '肉類', 90.00, 100.00, '低脂熟成雞胸肉，真空包裝，即開即食。', '產地: 台灣, 重量: 150g/包, 保存: 冷藏', '/images/FoodProduct/pro-42.webp', '有貨', '雞胸肉 低脂 高蛋白 健身 即食'),
(1043, '有機咖啡豆', '咖啡莊園', '飲品原料', 320.00, 350.00, '有機種植阿拉比卡咖啡豆，香氣濃郁，風味獨特。', '產地: 哥倫比亞, 重量: 250g/包, 烘焙: 中焙', '/images/FoodProduct/pro-43.webp', '有貨', '咖啡豆 有機 阿拉比卡 精品 飲品'),
(1044, '特選和牛漢堡肉', '和風精品', '肉類', 280.00, 300.00, '日本和牛混合澳洲牛肉製成，油花豐富，口感鮮嫩。', '成分: 和牛/澳洲牛, 重量: 2片/包, 保存: 冷凍', '/images/FoodProduct/pro-44.webp', '有貨', '漢堡肉 和牛 進口 烤肉 料理'),
(1045, '特級蜜棗', '果園珍品', '水果類', 135.00, 150.00, '台南在地特級蜜棗，甜度高，口感綿密。', '產地: 台南, 重量: 6顆/盒, 品種: 蜜棗', '/images/FoodProduct/pro-45.webp', '有貨', '蜜棗 台南 特級 水果 甜點'),
(1046, '生鮮豬里肌', '肉品專家', '肉類', 140.00, 155.00, '台灣在地豬隻里肌肉，肉質嫩滑，脂肪少。', '產地: 台灣, 重量: 300g/包, 保存: 冷藏', '/images/FoodProduct/pro-46.webp', '有貨', '豬肉 里肌 台灣 低脂 料理'),
(1047, '冷凍馬鈴薯條', '方便食品', '冷凍食品', 85.00, 95.00, '比利時進口馬鈴薯條，外酥內軟，烤箱即可料理。', '產地: 比利時, 重量: 500g/包, 保存: 冷凍', '/images/FoodProduct/pro-47.webp', '有貨', '薯條 冷凍 比利時 快餐 點心'),
(1048, '法式麵包', '歐風烘焙', '烘焙食品', 45.00, 50.00, '傳統法式長棍麵包，外酥內軟，風味獨特。', '成分: 麵粉/酵母/鹽, 重量: 250g/條, 保存: 常溫', '/images/FoodProduct/pro-48.webp', '有貨', '麵包 法式 長棍 烘焙 歐式'),
(1049, '綜合莓果茶', '茶香四溢', '飲品原料', 180.00, 200.00, '精選多種莓果混合花果茶，酸甜可口，香氣宜人。', '成分: 莓果/花草, 重量: 15包/盒, 沖泡: 熱飲', '/images/FoodProduct/pro-49.webp', '有貨', '花茶 莓果 花草茶 飲品 冬季'),
(1050, '特級黑胡椒', '香料世界', '調味品', 95.00, 105.00, '馬來西亞進口特級黑胡椒，香氣濃郁，研磨即用。', '產地: 馬來西亞, 重量: 100g/罐, 等級: 特級', '/images/FoodProduct/pro-50.webp', '有貨', '黑胡椒 香料 研磨 調味 烹飪'),
(1051, '新鮮蒜頭', '蔬果之家', '蔬菜類', 30.00, 35.00, '台灣在地新鮮蒜頭，辛香味濃，適合各種料理。', '產地: 台灣, 重量: 250g/網, 品種: 白皮蒜', '/images/FoodProduct/pro-51.webp', '有貨', '蒜頭 調味 料理 台灣 辛香'),
(1052, '松露橄欖油', '義式風味', '調味品', 420.00, 450.00, '融合黑松露香氣的特級橄欖油，風味獨特。', '產地: 義大利, 容量: 250ml, 成分: 橄欖油/松露', '/images/FoodProduct/pro-52.webp', '有貨', '橄欖油 松露 義大利 調味 高級'),
(1053, '有機黑豆', '穀物精選', '豆類', 85.00, 95.00, '有機種植黑豆，粒大飽滿，適合煮湯或製作豆漿。', '產地: 台灣, 重量: 500g/包, 認證: 有機', '/images/FoodProduct/pro-53.webp', '有貨', '黑豆 有機 台灣 養生 豆類'),
(1054, '特選梅花豬', '肉類精品', '肉類', 160.00, 175.00, '台灣特選梅花豬肉，紋理分明，肉質鮮嫩。', '產地: 台灣, 重量: 300g/包, 保存: 冷藏', '/images/FoodProduct/pro-54.webp', '有貨', '豬肉 梅花 台灣 烤肉 料理'),
(1055, '義大利香料粉', '香料工坊', '調味品', 120.00, 130.00, '義大利傳統香料混合粉，風味濃郁，適合各種義式料理。', '成分: 香草/大蒜/鹽, 重量: 80g/瓶, 產地: 義大利', '/images/FoodProduct/pro-55.webp', '有貨', '香料 義大利 混合 調味 料理'),
(1056, '有機豆漿', '自然飲品', '飲品', 45.00, 50.00, '有機黃豆研磨製成，無添加，營養豐富。', '成分: 有機黃豆/水, 容量: 950ml, 保存: 冷藏', '/images/FoodProduct/pro-56.webp', '有貨', '豆漿 有機 無添加 營養 早餐'),
(1057, '新鮮秋葵', '綠色蔬果', '蔬菜類', 60.00, 65.00, '當季新鮮秋葵，口感爽脆，富含膳食纖維。', '產地: 台灣, 重量: 200g/包, 保存: 冷藏', '/images/FoodProduct/pro-57.webp', '有貨', '秋葵 蔬菜 新鮮 健康 料理'),
(1058, '進口藍莓乾', '果乾世界', '零食', 160.00, 180.00, '美國進口藍莓乾，天然甜度，無添加糖。', '產地: 美國, 重量: 150g/包, 無添加', '/images/FoodProduct/pro-58.webp', '有貨', '藍莓乾 果乾 零食 美國 健康'),
(1059, '手工水餃皮', '麵食工坊', '麵食類', 45.00, 50.00, '手工製作水餃皮，厚薄均勻，拉伸性佳。', '成分: 麵粉/水/鹽, 數量: 30張/包, 保存: 冷藏', '/images/FoodProduct/pro-59.webp', '有貨', '水餃皮 手工 麵食 料理 中式'),
(1060, '養生黑木耳', '菇菇樂園', '菇類', 90.00, 100.00, '台灣高山種植黑木耳，口感Q彈，營養豐富。', '產地: 台灣, 重量: 150g/包, 保存: 冷藏', '/images/FoodProduct/pro-60.webp', '有貨', '黑木耳 菇類 養生 台灣 料理'),
(1061, '紐西蘭奶油', '乳品之最', '乳製品', 150.00, 165.00, '紐西蘭進口草飼牛奶油，風味濃郁，質地細緻。', '產地: 紐西蘭, 重量: 250g/塊, 種類: 無鹽', '/images/FoodProduct/pro-61.webp', '有貨', '奶油 紐西蘭 進口 烘焙 料理'),
(1062, '有機紅豆', '穀物精選', '豆類', 75.00, 85.00, '有機種植紅豆，粒大飽滿，口感綿密。', '產地: 台灣, 重量: 500g/包, 認證: 有機', '/images/FoodProduct/pro-62.webp', '有貨', '紅豆 有機 台灣 甜品 養生'),
(1063, '高級醬油', '釀造工藝', '調味品', 180.00, 195.00, '純釀造三年陳高級醬油，香氣濃郁，色澤深邃。', '產地: 台灣, 容量: 500ml, 釀造: 三年陳', '/images/FoodProduct/pro-63.webp', '有貨', '醬油 釀造 台灣 調味 料理'),
(1064, '鮮採香菜', '香草園地', '香草類', 25.00, 30.00, '新鮮採摘香菜，香氣濃郁，適合各種料理點綴。', '產', '/images/FoodProduct/pro-64.webp', '', ''),
(1065, '狗肉', '綠森活', '蔬菜類', NULL, NULL, NULL, NULL, '/images/FoodProduct/pro-65.webp', '有庫存', NULL),
(1066, '蔬菜測試', '綠森活', '蔬菜類', 20.00, 18.00, '蔬菜', '2', '/images/FoodProduct/pro-66.webp', '有庫存', '蔬菜'),
(1067, '特級岩鹽', '香料世界', '調味品', 100.00, 120.00, '希瑪拉雅山進口特級岩鹽，香氣濃郁。', '產地: 尼泊爾, 重量: 100g/罐, 等級: 特級', '/images/FoodProduct/pro-67.webp', '有貨', '香料 調味 烹飪'),
(1070, '泰國頂級魚露', 'Golden Fish', '調味品', 220.00, 250.00, '泰國原產頂級魚露，由新鮮鯷魚自然發酵製成，鮮味濃郁，是泰式料理的靈魂調味料。適用於各種東南亞料理，增添海鮮鮮甜風味。', '容量：300ml|原產地：泰國|保存期限：常溫保存2年|成分：鯷魚、海鹽', '/images/FoodProduct/pro-68.webp', '有貨', '魚露,泰國魚露,海鮮調味料,泰式料理,越式料理'),
(1071, '純米本釀造味醂', '御釀屋', '調味品', 280.00, 320.00, '日本傳統工藝釀造，使用優質糯米發酵，不添加人工調味劑。甘醇香甜，可減少菜餚的腥味，增添光澤與風味，是日式料理必備調味品。', '容量：500ml|原產地：日本|保存期限：常溫保存18個月|酒精含量：14%|成分：蒸糯米、米麴、釀造酒精', '/images/FoodProduct/pro-69.webp', '有貨', '味醂,日本味醂,日式調味料,和食調味料,甜酒'),
(1072, '正宗韓國辣醬（Gochujang）', 'Seoul Kitchen', '調味品', 199.00, 230.00, '正宗韓國辣椒醬，採用韓國產辣椒粉、糯米粉和大豆發酵製成。甜中帶辣，是製作韓式料理如泡菜、拌飯、燉肉的必備調味料。', '容量：500g|原產地：韓國|保存期限：常溫保存12個月|辣度：中辣|成分：米粉、紅辣椒粉、大豆、鹽、糖', '/images/FoodProduct/pro-70.webp', '有貨', '韓式辣醬,辣椒醬,韓國辣醬,Gochujang,韓式料理'),
(1073, '四川豆瓣醬', '蜀香', '調味品', 150.00, 180.00, '採用四川郫縣特產蠶豆、辣椒經3個月以上發酵而成，鮮香麻辣，是川菜精髓調味料。適用於炒菜、燉肉、調製醬料，增添獨特川式風味。', '容量：350g|原產地：中國四川|保存期限：常溫保存2年|辣度：中辣|成分：蠶豆、紅辣椒、鹽、小麥粉', '/images/FoodProduct/pro-71.webp', '有貨', '豆瓣醬,四川豆瓣醬,郫縣豆瓣醬,川菜調味料,辣醬'),
(1074, '法國頂級無糖可可粉', 'Chocolat Royale', '調味品', 320.00, 360.00, '法國進口頂級無糖可可粉，採用優質可可豆精製而成，純度高達99%。口感濃郁醇厚，適用於製作巧克力甜點、蛋糕裝飾或調製熱可可飲品。', '容量：200g|原產地：法國|保存期限：常溫保存18個月|可可含量：99%|成分：純可可粉', '/images/FoodProduct/pro-72.webp', '有貨', '可可粉,無糖可可粉,法國可可粉,烘焙原料,甜點材料'),
(1075, '義大利陳年巴薩米克醋', 'Modena Gold', '調味品', 450.00, 500.00, '義大利摩德納產區精選12年陳年巴薩米克醋，經橡木桶熟成，風味濃郁甘甜，帶有豐富果香及木質香氣。適合做沙拉醬、調味、烹調或直接點綴高級料理。', '容量：250ml|原產地：義大利摩德納|保存期限：常溫保存5年|酸度：6%|成分：葡萄汁、葡萄酒醋', '/images/FoodProduct/pro-73.webp', '有貨', '巴薩米克醋,陳年醋,義大利醋,摩德納,高級調味料'),
(1076, '日本本山產山葵芥末', 'Wasabi Master', '調味品', 280.00, 320.00, '日本靜岡本山產新鮮山葵研磨製成，保留山葵根獨特風味與辛辣感。無添加色素及防腐劑，是壽司、生魚片、蕎麥麵等日式料理的完美搭配。', '容量：45g|原產地：日本靜岡|保存期限：冷藏保存6個月|辛辣度：高|成分：山葵根、水、鹽', '/images/FoodProduct/pro-74.webp', '有貨', '山葵,芥末,日本芥末,壽司配料,日式調味料'),
(1077, '日式蛋黃美乃滋', 'Kewpie', '調味品', 189.00, 220.00, '日本經典蛋黃美乃滋，採用優質雞蛋製成，口感滑順綿密，帶有蛋香與微酸風味。適用於沙拉、三明治、料理配料或醬料調製。', '容量：400g|原產地：日本|保存期限：常溫保存12個月|成分：食用植物油、蛋黃、醋、鹽、糖', '/images/FoodProduct/pro-75.webp', '有貨', '美乃滋,沙拉醬,日式美乃滋,蛋黃醬,調味醬'),
(1078, '馬達加斯加頂級香草精', 'Vanilla Delight', '調味品', 360.00, 400.00, '採用馬達加斯加波旁種香草莢製成，風味濃郁純正，帶有獨特焦糖與花香。適用於各種甜點、烘焙食品、咖啡與飲品調味。', '容量：100ml|原產地：馬達加斯加|保存期限：常溫保存2年|濃度：高濃度純提取物|成分：香草莢、酒精、水', '/images/FoodProduct/pro-76.webp', '有貨', '香草精,馬達加斯加香草,烘焙材料,甜點調味料,香草莢'),
(1079, '韓國手工泡菜汁', 'Korean Heritage', '調味品', 220.00, 250.00, '韓國傳統工藝釀造的正宗泡菜汁，採用韓國特選食材發酵而成。酸甜適中，微辣爽口，可作為調味料或直接食用。適合製作各式韓式料理。', '容量：500ml|原產地：韓國|保存期限：冷藏保存6個月|辣度：微辣|成分：白菜、蘿蔔、辣椒粉、大蒜、薑、魚露、鹽', '/images/FoodProduct/pro-77.webp', '有貨', '泡菜汁,韓國泡菜,韓式調味料,發酵調味料,韓國料理'),
(1080, '傳統手工豬油', '阿嬤的灶腳', '調味品', 280.00, 320.00, '採用台灣本地豬肉慢火熬製，不含添加物，保留豬肉原始香氣。細緻油脂質地，可用於煎炒食材，增添香氣或作為麵包抹醬使用。', '容量：250g|原產地：台灣|保存期限：冷藏保存6個月|成分：豬背脂肪|製程：慢火熬製', '/images/FoodProduct/pro-78.webp', '有貨', '豬油,台灣豬油,手工豬油,傳統調味料,烹飪油脂'),
(1081, '印尼參巴辣醬', 'Jakarta Spice', '調味品', 210.00, 240.00, '印尼傳統參巴辣醬，採用新鮮香料、辣椒手工研磨製成。濃郁辣味中帶有獨特香草氣息，是印尼料理的靈魂調味料，適合醃肉、炒菜或作為沾醬。', '容量：200g|原產地：印尼|保存期限：常溫保存12個月|辣度：中辣至重辣|成分：紅辣椒、大蒜、檸檬葉、香茅、薑黃、蔥、鹽、糖', '/images/FoodProduct/pro-79.webp', '有貨', '印尼辣醬,參巴辣醬,Sambal,東南亞調味料,辣椒醬'),
(1082, '法式手工塔塔醬', 'Bistro Gourmet', '調味品', 240.00, 270.00, '法國經典配方塔塔醬，由新鮮雞蛋、酸黃瓜、洋蔥、香草手工調製。口感豐富清爽，酸甜適中，是炸魚、海鮮、各式西式料理的完美搭配。', '容量：200g|原產地：法國|保存期限：冷藏保存2個月|成分：美乃滋、酸黃瓜、洋蔥、酸豆、香草、檸檬汁、鹽、胡椒', '/images/FoodProduct/pro-80.webp', '有貨', '塔塔醬,法式調味醬,魚類料理醬,西式醬料,酸黃瓜醬'),
(1083, '陳年料理米酒', '玉山', '調味品', 160.00, 180.00, '臺灣傳統釀造工藝，精選優質糯米發酵熟成，純淨無添加。溫和酒香帶有微甜，適合各式中式料理，可去腥解膻、增添風味或作為火鍋湯底。', '容量：600ml|原產地：台灣|保存期限：常溫保存3年|酒精濃度：15%|成分：糯米、酒麴', '/images/FoodProduct/pro-81.webp', '有貨', '米酒,料理米酒,烹飪酒,台灣米酒,調味酒'),
(1084, '泰國綠咖哩醬', 'Bangkok Chef', '調味品', 180.00, 210.00, '泰國原裝進口綠咖哩醬，採用新鮮綠辣椒、香茅、青檸葉、南薑等手工搗製。香辣清爽帶有草本氣息，適合製作各式泰式咖哩、炒菜或醃料。', '容量：200g|原產地：泰國|保存期限：常溫保存18個月|辣度：中辣|成分：綠辣椒、香茅、南薑、蒜頭、青檸葉、香菜根、鹽、蝦醬', '/images/FoodProduct/pro-82.webp', '有貨', '綠咖哩醬,泰式咖哩,泰國咖哩,泰式調味料,咖哩醬'),
(1085, '法國料理白酒', 'Vin Culinaire', '調味品', 420.00, 460.00, '法國原產乾白葡萄酒，專為料理設計，酸度平衡，果香豐富。適用於各式西餐料理、海鮮白醬、燉煮或提味，增添菜餚層次與風味。', '容量：750ml|原產地：法國|保存期限：常溫保存5年|酒精濃度：12.5%|葡萄品種：霞多麗、白蘇維濃混釀', '/images/FoodProduct/pro-83.webp', '有貨', '料理白酒,烹飪白酒,法國白酒,西式料理酒,調味酒');

-- --------------------------------------------------------

--
-- 資料表結構 `ingredients`
--

CREATE TABLE `ingredients` (
  `ingredient_id` bigint UNSIGNED NOT NULL,
  `recipe_id` int DEFAULT NULL,
  `name` varchar(100) CHARACTER SET utf8mb4 COLLATE utf8mb4_general_ci NOT NULL,
  `product_id` int DEFAULT NULL,
  `quantity` decimal(10,0) DEFAULT NULL,
  `unit` varchar(20) CHARACTER SET utf8mb4 COLLATE utf8mb4_general_ci DEFAULT NULL,
  `note` text CHARACTER SET utf8mb4 COLLATE utf8mb4_general_ci
) ENGINE=InnoDB DEFAULT CHARSET=utf8mb4 COLLATE=utf8mb4_general_ci;

--
-- 傾印資料表的資料 `ingredients`
--

INSERT INTO `ingredients` (`ingredient_id`, `recipe_id`, `name`, `product_id`, `quantity`, `unit`, `note`) VALUES
(1, 1, '義大利麵', 1010, 250, '克', '選用細麵'),
(2, 1, '蒜頭', 1051, 5, '瓣', '切碎'),
(5, 1, '帕馬森起司', 1026, 30, '克', '磨碎'),
(8, 2, '蝦子', 1014, 200, '克', '去殼去腸泥'),
(9, 2, '香茅', 1055, 3, '支', '切段'),
(10, 2, '檸檬葉', 1064, 5, '片', ''),
(11, 2, '辣椒', 1051, 3, '個', '切片'),
(12, 2, '蘑菇', 1020, 100, '克', '切片'),
(15, 2, '香菜', 1064, 10, '克', '切碎'),
(16, 3, '雞腿', 1042, 4, '隻', '去骨'),
(20, 3, '薑', 1055, 20, '克', '切片'),
(21, 3, '蒜頭', 1051, 3, '瓣', '壓碎'),
(22, 4, '蘑菇', 1020, 300, '克', '牛肝菌或香菇'),
(23, 4, '洋蔥', 1057, 1, '個', '切丁'),
(25, 4, '麵粉', 1028, 30, '克', ''),
(26, 4, '雞高湯', 1063, 500, '毫升', ''),
(27, 4, '鮮奶油', 1061, 100, '毫升', ''),
(29, 4, '松露', 1052, 5, '克', '切片，用於裝飾'),
(30, 5, '年糕', 1028, 300, '克', '切片'),
(32, 5, '蔥', 1057, 2, '支', '切段'),
(37, 6, '豆腐', 1013, 400, '克', '嫩豆腐，切塊'),
(38, 6, '豬絞肉', 1006, 150, '克', ''),
(39, 6, '豆瓣醬', 1037, 30, '克', ''),
(40, 6, '蒜頭', 1051, 4, '瓣', '切碎'),
(41, 6, '薑', 1060, 10, '克', '切碎'),
(42, 6, '蔥', 1002, 3, '支', '切段'),
(45, 7, '玉米餅皮', 1028, 12, '片', ''),
(46, 7, '牛絞肉', 1003, 400, '克', ''),
(48, 7, '洋蔥', 1051, 1, '個', '切丁'),
(49, 7, '蒜頭', 1051, 3, '瓣', '切碎'),
(50, 7, '番茄', 1033, 2, '個', '切丁'),
(51, 7, '萵苣', 1004, 100, '克', '切絲'),
(52, 7, '起司絲', 1026, 100, '克', ''),
(53, 7, '酸奶油', 1061, 50, '克', ''),
(54, 8, '茄子', 1001, 2, '個', '切片'),
(55, 8, '番茄醬', 1033, 200, '毫升', ''),
(56, 8, '馬蘇里拉起司', 1026, 150, '克', '切片'),
(57, 8, '蒜頭', 1051, 3, '瓣', '切碎'),
(58, 8, '羅勒葉', 1064, 10, '克', ''),
(60, 8, '帕馬森起司', 1026, 30, '克', '磨碎'),
(61, 9, '鮭魚', 1005, 400, '克', '切塊'),
(62, 9, '檸檬', 1027, 1, '個', '汁與皮'),
(66, 9, '大蒜', 1051, 2, '瓣', '切碎'),
(69, 10, '蘋果', 1015, 6, '個', '去皮切片'),
(70, 10, '麵粉', 1028, 250, '克', ''),
(71, 10, '奶油', 1061, 150, '克', '冷藏切塊'),
(76, 11, '河粉', 1016, 400, '克', ''),
(77, 11, '牛肉片', 1003, 200, '克', '薄片'),
(78, 11, '洋蔥', NULL, 1, '個', '切片'),
(79, 11, '薑', NULL, 30, '克', '切片'),
(80, 11, '香菜', 1064, 20, '克', ''),
(81, 11, '青蔥', NULL, 3, '支', '切段'),
(82, 11, '豆芽', NULL, 100, '克', ''),
(83, 11, '辣椒', NULL, 2, '個', '切片'),
(84, 11, '牛骨高湯', NULL, 2, '升', ''),
(85, 12, '南瓜', NULL, 800, '克', '去皮切塊'),
(86, 12, '洋蔥', NULL, 1, '個', '切碎'),
(87, 12, '胡蘿蔔', 1001, 1, '個', '切碎'),
(88, 12, '雞高湯', NULL, 500, '毫升', ''),
(89, 12, '鮮奶油', NULL, 100, '毫升', ''),
(90, 12, '奶油', NULL, 30, '克', ''),
(91, 12, '鹽', NULL, 5, '克', ''),
(92, 12, '黑胡椒', 1050, 3, '克', ''),
(93, 13, '圓米', NULL, 300, '克', '短米'),
(94, 13, '蝦子', NULL, 200, '克', ''),
(95, 13, '魷魚', NULL, 150, '克', '切環'),
(96, 13, '貽貝', NULL, 300, '克', ''),
(98, 13, '洋蔥', NULL, 1, '個', '切碎'),
(99, 13, '大蒜', 1051, 3, '瓣', '切碎'),
(100, 13, '紅椒', NULL, 1, '個', '切丁'),
(102, 13, '番茄', NULL, 2, '個', '切丁'),
(103, 13, '魚高湯', NULL, 600, '毫升', ''),
(104, 14, '馬斯卡彭起司', NULL, 250, '克', ''),
(105, 14, '手指餅乾', NULL, 200, '克', ''),
(106, 14, '咖啡', NULL, 200, '毫升', '濃縮咖啡'),
(107, 14, '蛋黃', 1011, 4, '個', ''),
(110, 15, '雞肉', 1042, 500, '克', '切塊'),
(111, 15, '洋蔥', NULL, 2, '個', '切丁'),
(112, 15, '薑', NULL, 30, '克', '切碎'),
(113, 15, '蒜頭', 1051, 5, '瓣', '切碎'),
(114, 15, '番茄', NULL, 3, '個', '切丁'),
(118, 15, '椰奶', 1030, 400, '毫升', ''),
(119, 15, '香菜', 1064, 15, '克', '切碎'),
(120, 16, '麵粉', NULL, 200, '克', ''),
(121, 16, '牛奶', 1021, 400, '毫升', ''),
(122, 16, '雞蛋', 1011, 3, '個', ''),
(126, 17, '壽司米', NULL, 500, '克', ''),
(130, 17, '鮪魚', NULL, 200, '克', '生魚片切片'),
(131, 17, '鮭魚', 1005, 200, '克', '生魚片切片'),
(132, 17, '蝦子', NULL, 150, '克', '煮熟'),
(133, 17, '黃瓜', NULL, 1, '條', '切條'),
(134, 17, '牛油果', NULL, 1, '個', '切片'),
(135, 17, '紫菜', NULL, 10, '張', ''),
(137, 17, '薑片', NULL, 50, '克', '醃製薑片'),
(138, 18, '白蘿蔔', NULL, 800, '克', '磨泥'),
(139, 18, '乾香菇', 1020, 50, '克', '泡水切碎'),
(140, 18, '蝦米', NULL, 30, '克', '泡水切碎'),
(141, 18, '香腸', NULL, 100, '克', '切丁'),
(142, 18, '蔥', NULL, 3, '支', '切段'),
(143, 18, '蒜頭', NULL, 3, '瓣', '切碎'),
(144, 18, '在來米粉', NULL, 200, '克', ''),
(146, 19, '牛絞肉', NULL, 400, '克', ''),
(147, 19, '麵包粉', NULL, 50, '克', ''),
(148, 19, '雞蛋', 1011, 1, '個', ''),
(149, 19, '洋蔥', NULL, 1, '個', '切碎'),
(150, 19, '蒜頭', 1051, 2, '瓣', '壓碎'),
(151, 19, '番茄', NULL, 2, '個', '切片'),
(152, 19, '萵苣', NULL, 100, '克', ''),
(153, 19, '起司片', NULL, 4, '片', ''),
(154, 19, '漢堡麵包', NULL, 4, '個', ''),
(157, 20, '牛腩', NULL, 1, '公斤', '切塊'),
(158, 20, '洋蔥', NULL, 2, '個', '切丁'),
(160, 20, '蒜頭', 1051, 5, '瓣', '切碎'),
(161, 20, '番茄', NULL, 3, '個', '切丁'),
(162, 20, '紅蘿蔔', 1001, 2, '個', '切塊'),
(163, 20, '小紅辣椒', NULL, 2, '個', '切片'),
(165, 20, '牛高湯', NULL, 500, '毫升', ''),
(166, 21, '番茄', NULL, 3, '個', '切塊'),
(167, 21, '黃瓜', NULL, 1, '條', '切塊'),
(168, 21, '紅洋蔥', NULL, 1, '個', '切絲'),
(169, 21, '青椒', NULL, 1, '個', '切塊'),
(170, 21, '橄欖', NULL, 50, '克', '去核'),
(171, 21, '羊奶起司', NULL, 150, '克', '切塊'),
(175, 22, '黑巧克力', NULL, 200, '克', ''),
(176, 22, '奶油', NULL, 120, '克', ''),
(177, 22, '雞蛋', 1011, 4, '個', ''),
(179, 22, '麵粉', NULL, 40, '克', ''),
(182, 23, '拉麵', NULL, 400, '克', ''),
(183, 23, '豚骨湯頭', NULL, 2, '升', ''),
(184, 23, '叉燒肉', NULL, 200, '克', '切片'),
(185, 23, '海苔', NULL, 4, '片', ''),
(186, 23, '蔥', NULL, 3, '支', '切段'),
(187, 23, '糖心蛋', 1011, 4, '個', ''),
(188, 23, '筍乾', NULL, 50, '克', '煮軟切片'),
(190, 24, '千層麵皮', NULL, 250, '克', ''),
(191, 24, '牛絞肉', NULL, 300, '克', ''),
(192, 24, '番茄醬', 1033, 400, '毫升', ''),
(193, 24, '洋蔥', NULL, 1, '個', '切碎'),
(194, 24, '蒜頭', 1051, 3, '瓣', '切碎'),
(195, 24, '紅蘿蔔', 1001, 1, '個', '切碎'),
(196, 24, '芹菜', NULL, 2, '根', '切碎'),
(197, 24, '馬蘇里拉起司', NULL, 300, '克', ''),
(198, 24, '帕馬森起司', NULL, 100, '克', ''),
(199, 24, '貝夏美爾醬', NULL, 500, '毫升', ''),
(200, 25, '雞肉', 1042, 800, '克', '切塊'),
(201, 25, '洋蔥', NULL, 2, '個', '切塊'),
(202, 25, '大蒜', 1051, 5, '瓣', '切碎'),
(203, 25, '薑', NULL, 30, '克', '切碎'),
(204, 25, '番茄', NULL, 3, '個', '切塊'),
(205, 25, '紅蘿蔔', 1001, 2, '個', '切塊'),
(206, 25, '薯仔', NULL, 3, '個', '切塊'),
(207, 25, '橄欖', NULL, 50, '克', '去核'),
(208, 25, '檸檬', 1027, 1, '個', '切片'),
(209, 25, '香料混合', NULL, 15, '克', '孜然、肉桂、薑黃、辣椒粉'),
(210, 25, '雞高湯', NULL, 400, '毫升', ''),
(211, 26, '牛排', NULL, 2, '塊', '肋眼或菲力'),
(212, 26, '紅酒', NULL, 200, '毫升', ''),
(213, 26, '奶油', NULL, 50, '克', ''),
(214, 26, '紅蔥頭', NULL, 2, '個', '切碎'),
(215, 26, '大蒜', 1051, 3, '瓣', '切碎'),
(216, 26, '牛高湯', NULL, 100, '毫升', ''),
(217, 26, '迷迭香', NULL, 5, '克', ''),
(218, 26, '百里香', NULL, 5, '克', ''),
(219, 26, '橄欖油', 1009, 20, '毫升', ''),
(220, 26, '鹽', NULL, 5, '克', ''),
(221, 26, '黑胡椒', 1050, 5, '克', ''),
(222, 27, '豬肉', 1006, 500, '克', '五花肉切小塊'),
(223, 27, '醬油', 1063, 100, '毫升', ''),
(224, 27, '冰糖', NULL, 50, '克', ''),
(225, 27, '五香粉', NULL, 10, '克', ''),
(226, 27, '八角', NULL, 3, '個', ''),
(227, 27, '桂皮', NULL, 1, '片', ''),
(228, 27, '米酒', NULL, 50, '毫升', ''),
(229, 27, '蔥', NULL, 3, '支', '切段'),
(230, 27, '薑', NULL, 20, '克', '切片'),
(231, 27, '滷蛋', 1011, 4, '個', '可選'),
(232, 28, '玉米餅片', NULL, 200, '克', '壓碎'),
(233, 28, '萵苣', NULL, 150, '克', '切絲'),
(234, 28, '番茄', NULL, 2, '個', '切丁'),
(235, 28, '牛油果', NULL, 1, '個', '切丁'),
(237, 28, '玉米粒', NULL, 100, '克', ''),
(238, 28, '黑豆', 1053, 100, '克', ''),
(239, 28, '萊姆汁', NULL, 30, '毫升', ''),
(240, 28, '橄欖油', 1009, 20, '毫升', ''),
(241, 28, '辣椒', NULL, 1, '個', '切丁'),
(242, 28, '香菜', 1064, 20, '克', '切碎'),
(243, 29, '雞肉', 1042, 500, '克', '切塊'),
(244, 29, '椰奶', 1030, 400, '毫升', ''),
(245, 29, '綠咖哩醬', NULL, 50, '克', ''),
(246, 29, '茄子', NULL, 1, '個', '切塊'),
(247, 29, '紅椒', NULL, 1, '個', '切塊'),
(248, 29, '青椒', NULL, 1, '個', '切塊'),
(249, 29, '魚露', NULL, 20, '毫升', ''),
(250, 29, '棕櫚糖', NULL, 15, '克', ''),
(251, 29, '羅勒葉', NULL, 10, '克', ''),
(252, 29, '青檸葉', NULL, 3, '片', ''),
(253, 30, '短米', NULL, 300, '克', ''),
(254, 30, '海鮮組合', 1014, 500, '克', '蝦、魷魚、貽貝'),
(255, 30, '洋蔥', NULL, 1, '個', '切碎'),
(256, 30, '大蒜', 1051, 3, '瓣', '切碎'),
(257, 30, '白酒', NULL, 100, '毫升', ''),
(258, 30, '魚高湯', NULL, 600, '毫升', ''),
(259, 30, '奶油', NULL, 40, '克', ''),
(260, 30, '帕馬森起司', NULL, 50, '克', '磨碎'),
(261, 30, '鹽', NULL, 5, '克', ''),
(262, 30, '黑胡椒', 1050, 3, '克', ''),
(263, 31, '泡菜', NULL, 250, '克', '切碎'),
(264, 31, '麵粉', NULL, 150, '克', ''),
(265, 31, '在來米粉', NULL, 50, '克', ''),
(266, 31, '雞蛋', 1011, 1, '個', ''),
(267, 31, '青蔥', NULL, 3, '支', '切段'),
(268, 31, '海鮮', 1014, 100, '克', '可選'),
(269, 31, '植物油', NULL, 50, '毫升', ''),
(270, 31, '泡菜汁', NULL, 20, '毫升', ''),
(271, 32, '豬里肌', 1046, 500, '克', '切片'),
(272, 32, '鹽', NULL, 5, '克', ''),
(273, 32, '黑胡椒', 1050, 3, '克', ''),
(274, 32, '麵粉', NULL, 50, '克', ''),
(275, 32, '雞蛋', 1011, 2, '個', ''),
(276, 32, '麵包粉', NULL, 100, '克', ''),
(277, 32, '高麗菜', NULL, 200, '克', '切絲'),
(278, 32, '醬油', 1063, 30, '毫升', ''),
(279, 32, '味醂', NULL, 20, '毫升', ''),
(280, 32, '糖', NULL, 10, '克', ''),
(281, 33, '中筋麵粉', NULL, 300, '克', ''),
(282, 33, '熱水', NULL, 150, '毫升', ''),
(283, 33, '冷水', NULL, 50, '毫升', ''),
(284, 33, '蔥', NULL, 5, '支', '切段'),
(285, 33, '豬油', NULL, 50, '克', ''),
(286, 33, '鹽', NULL, 10, '克', ''),
(287, 33, '植物油', NULL, 50, '毫升', ''),
(288, 34, '麵粉', NULL, 200, '克', ''),
(289, 34, '奶油', NULL, 120, '克', '冷藏切塊'),
(290, 34, '糖', NULL, 80, '克', ''),
(291, 34, '雞蛋', 1011, 4, '個', ''),
(292, 34, '檸檬', 1027, 3, '個', '汁與皮'),
(293, 34, '鹽', NULL, 3, '克', ''),
(294, 34, '香草精', NULL, 5, '毫升', ''),
(295, 35, '米紙', NULL, 12, '張', ''),
(296, 35, '蝦仁', NULL, 200, '克', '煮熟去殼'),
(297, 35, '米粉', NULL, 100, '克', '泡軟'),
(298, 35, '萵苣', NULL, 100, '克', ''),
(299, 35, '黃瓜', NULL, 1, '條', '切條'),
(300, 35, '薄荷葉', NULL, 20, '克', ''),
(301, 35, '香菜', 1064, 20, '克', ''),
(302, 35, '魚露', NULL, 20, '毫升', ''),
(303, 35, '檸檬汁', NULL, 10, '毫升', ''),
(304, 35, '紅辣椒', NULL, 1, '個', '切碎'),
(305, 35, '花生醬', 1031, 20, '克', ''),
(306, 36, '高筋麵粉', NULL, 300, '克', ''),
(307, 36, '酵母', NULL, 7, '克', ''),
(308, 36, '鹽', NULL, 5, '克', ''),
(309, 36, '糖', NULL, 10, '克', ''),
(310, 36, '橄欖油', 1009, 30, '毫升', ''),
(311, 36, '番茄醬', 1033, 200, '毫升', ''),
(312, 36, '馬蘇里拉起司', NULL, 200, '克', ''),
(313, 36, '帕馬森起司', NULL, 50, '克', ''),
(314, 36, '羅勒葉', NULL, 10, '克', ''),
(315, 36, '火腿', NULL, 100, '克', '切片'),
(316, 36, '蘑菇', 1020, 100, '克', '切片'),
(317, 37, '豬腳', NULL, 2, '隻', ''),
(318, 37, '洋蔥', NULL, 2, '個', '切塊'),
(319, 37, '紅蘿蔔', 1001, 2, '個', '切塊'),
(320, 37, '芹菜', NULL, 2, '根', '切段'),
(321, 37, '大蒜', 1051, 5, '瓣', '壓碎'),
(322, 37, '黑啤酒', NULL, 500, '毫升', ''),
(323, 37, '雞高湯', NULL, 500, '毫升', ''),
(324, 37, '香料包', NULL, 1, '包', '月桂葉、丁香、花椒'),
(325, 37, '醬油', 1063, 30, '毫升', ''),
(326, 37, '糖', NULL, 20, '克', ''),
(327, 38, '消化餅乾', NULL, 250, '克', ''),
(328, 38, '奶油', NULL, 120, '克', '融化'),
(329, 38, '奶油起司', 1026, 750, '克', '室溫軟化'),
(330, 38, '糖', NULL, 200, '克', ''),
(331, 38, '雞蛋', 1011, 4, '個', ''),
(332, 38, '鮮奶油', NULL, 200, '毫升', ''),
(333, 38, '檸檬汁', NULL, 30, '毫升', ''),
(334, 38, '香草精', NULL, 10, '毫升', ''),
(335, 38, '蔓越莓醬', NULL, 100, '克', '裝飾用'),
(336, 39, '雞肉', 1042, 300, '克', '切塊'),
(337, 39, '雞蛋', 1011, 3, '個', ''),
(338, 39, '洋蔥', NULL, 1, '個', '切絲'),
(339, 39, '醬油', 1063, 40, '毫升', ''),
(340, 39, '味醂', NULL, 30, '毫升', ''),
(341, 39, '糖', NULL, 15, '克', ''),
(342, 39, '薑', NULL, 10, '克', '切絲'),
(343, 39, '米飯', NULL, 2, '碗', '熱飯'),
(344, 40, '洋蔥', NULL, 4, '個', '切片'),
(345, 40, '奶油', NULL, 50, '克', ''),
(346, 40, '麵粉', NULL, 30, '克', ''),
(347, 40, '牛高湯', NULL, 1, '升', ''),
(348, 40, '白酒', NULL, 100, '毫升', ''),
(349, 40, '法棍', 1048, 1, '條', '切片'),
(350, 40, '格呂耶爾起司', NULL, 200, '克', '磨碎'),
(351, 40, '百里香', NULL, 5, '克', ''),
(352, 40, '月桂葉', NULL, 2, '片', ''),
(353, 40, '鹽', NULL, 5, '克', ''),
(354, 40, '黑胡椒', 1050, 3, '克', ''),
(355, 41, '白米', NULL, 300, '克', ''),
(356, 41, '雞蛋', 1011, 2, '個', ''),
(357, 41, '蝦仁', NULL, 100, '克', '去殼'),
(358, 41, '雞肉', 1042, 150, '克', '切丁'),
(359, 41, '洋蔥', NULL, 1, '個', '切丁'),
(360, 41, '紅辣椒', NULL, 2, '個', '切碎'),
(361, 41, '蒜頭', 1051, 4, '瓣', '切碎'),
(362, 41, '蔥', NULL, 3, '支', '切段'),
(363, 41, '印尼香料醬', NULL, 50, '克', ''),
(364, 41, '醬油', 1063, 20, '毫升', ''),
(365, 41, '植物油', NULL, 30, '毫升', ''),
(366, 42, '紅腰豆', 1062, 300, '克', '浸泡過夜'),
(367, 42, '洋蔥', NULL, 1, '個', '切丁'),
(368, 42, '大蒜', 1051, 4, '瓣', '切碎'),
(369, 42, '青椒', NULL, 1, '個', '切丁'),
(370, 42, '紅椒', NULL, 1, '個', '切丁'),
(371, 42, '辣椒', NULL, 2, '個', '切碎'),
(372, 42, '番茄', NULL, 3, '個', '切丁'),
(373, 42, '玉米粒', NULL, 100, '克', ''),
(374, 42, '辣椒粉', NULL, 15, '克', ''),
(375, 42, '孜然粉', NULL, 10, '克', ''),
(376, 42, '雞高湯', NULL, 500, '毫升', ''),
(377, 43, '鱈魚', NULL, 400, '克', '切片'),
(378, 43, '馬鈴薯', NULL, 400, '克', '切條'),
(379, 43, '啤酒', NULL, 200, '毫升', ''),
(380, 43, '麵粉', NULL, 100, '克', ''),
(381, 43, '玉米澱粉', NULL, 50, '克', ''),
(382, 43, '鹽', NULL, 10, '克', ''),
(383, 43, '黑胡椒', 1050, 5, '克', ''),
(384, 43, '植物油', NULL, 500, '毫升', '用於油炸'),
(385, 43, '塔塔醬', NULL, 100, '克', ''),
(386, 44, '抹茶粉', NULL, 15, '克', ''),
(387, 44, '吉利丁片', NULL, 12, '克', '浸泡軟化'),
(388, 44, '鮮奶油', NULL, 400, '毫升', ''),
(389, 44, '牛奶', 1021, 200, '毫升', ''),
(390, 44, '糖', NULL, 120, '克', ''),
(391, 44, '奶油起司', 1026, 200, '克', '軟化'),
(392, 44, '餅乾底', NULL, 200, '克', ''),
(393, 44, '紅豆沙', NULL, 100, '克', '裝飾用'),
(394, 45, '豆腐', 1013, 500, '克', '切塊'),
(395, 45, '泡菜', NULL, 200, '克', '切小塊'),
(396, 45, '蝦仁', NULL, 150, '克', '去殼'),
(397, 45, '魷魚', NULL, 150, '克', '切環'),
(398, 45, '洋蔥', NULL, 1, '個', '切片'),
(399, 45, '蔥', NULL, 3, '支', '切段'),
(400, 45, '高湯', NULL, 1, '升', ''),
(401, 45, '辣椒粉', NULL, 20, '克', ''),
(402, 45, '蒜頭', 1051, 5, '瓣', '切碎'),
(403, 45, '蛋', 1011, 2, '個', '可選'),
(404, 46, '義大利麵', 1010, 250, '克', ''),
(405, 46, '蘑菇', 1020, 300, '克', '切片'),
(406, 46, '洋蔥', NULL, 1, '個', '切碎'),
(407, 46, '大蒜', 1051, 3, '瓣', '切碎'),
(408, 46, '白葡萄酒', NULL, 100, '毫升', ''),
(409, 46, '鮮奶油', NULL, 200, '毫升', ''),
(410, 46, '奶油', NULL, 40, '克', ''),
(411, 46, '帕馬森起司', NULL, 50, '克', '磨碎'),
(412, 46, '百里香', NULL, 5, '克', ''),
(413, 46, '鹽', NULL, 5, '克', ''),
(414, 46, '黑胡椒', 1050, 3, '克', ''),
(415, 47, '蛋黃', 1011, 5, '個', ''),
(416, 47, '蛋白', 1011, 5, '個', ''),
(417, 47, '糖', NULL, 100, '克', ''),
(418, 47, '麵粉', NULL, 30, '克', ''),
(419, 47, '奶油', NULL, 30, '克', ''),
(420, 47, '牛奶', 1021, 200, '毫升', ''),
(421, 47, '香草精', NULL, 5, '毫升', ''),
(422, 47, '糖粉', NULL, 20, '克', '裝飾用'),
(423, 48, '墨西哥餅皮', NULL, 8, '片', ''),
(424, 48, '牛絞肉', NULL, 300, '克', ''),
(425, 48, '辣椒粉', NULL, 15, '克', ''),
(426, 48, '孜然粉', NULL, 10, '克', ''),
(427, 48, '洋蔥', NULL, 1, '個', '切丁'),
(428, 48, '大蒜', 1051, 3, '瓣', '切碎'),
(429, 48, '番茄', NULL, 2, '個', '切丁'),
(430, 48, '紅腰豆', 1062, 200, '克', '煮熟'),
(431, 48, '萵苣', NULL, 100, '克', '切絲'),
(432, 48, '酸奶油', NULL, 50, '克', ''),
(433, 48, '起司絲', NULL, 100, '克', ''),
(434, 49, '羊肉', NULL, 800, '克', '切塊'),
(435, 49, '橄欖油', 1009, 50, '毫升', ''),
(436, 49, '檸檬汁', NULL, 30, '毫升', ''),
(437, 49, '大蒜', 1051, 5, '瓣', '壓碎'),
(438, 49, 'oregano', NULL, 10, '克', ''),
(439, 49, '迷迭香', NULL, 5, '克', ''),
(440, 49, '薄荷葉', NULL, 5, '克', ''),
(441, 49, '鹽', NULL, 10, '克', ''),
(442, 49, '黑胡椒', 1050, 5, '克', ''),
(443, 49, '希臘優格', NULL, 200, '克', '配醬'),
(444, 49, '黃瓜', NULL, 1, '條', '配醬用'),
(445, 50, '鬆餅粉', NULL, 300, '克', ''),
(446, 50, '酵母', NULL, 10, '克', ''),
(447, 50, '牛奶', 1021, 200, '毫升', ''),
(448, 50, '雞蛋', 1011, 2, '個', ''),
(449, 50, '奶油', NULL, 50, '克', '融化'),
(450, 50, '珍珠糖', NULL, 30, '克', ''),
(451, 50, '香草精', NULL, 5, '毫升', ''),
(452, 50, '草莓', 1036, 200, '克', ''),
(453, 50, '藍莓', 1008, 100, '克', ''),
(454, 50, '楓糖漿', 1008, 100, '毫升', ''),
(455, 50, '鮮奶油', NULL, 100, '毫升', '打發');

-- --------------------------------------------------------

--
-- 資料表結構 `members`
--

CREATE TABLE `members` (
  `member_id` int NOT NULL,
  `email` varchar(100) NOT NULL,
  `password_hash` varchar(100) NOT NULL,
  `mobile` varchar(30) DEFAULT NULL,
  `nickname` varchar(30) NOT NULL,
  `create_at` datetime NOT NULL
) ENGINE=InnoDB DEFAULT CHARSET=utf8mb4 COLLATE=utf8mb4_0900_ai_ci;

--
-- 傾印資料表的資料 `members`
--

INSERT INTO `members` (`member_id`, `email`, `password_hash`, `mobile`, `nickname`, `create_at`) VALUES
(3, 'ming@test.com', '$2y$10$YTG138sPI33EqrG87LAYuuwS./9vl36CmlQHbi0G72tO4wR1thVPS', '0918222333', '大明', '2019-01-07 10:39:38'),
(7, 'shin@test.com', '$2y$10$4kaWVxpVc2rSZK/MDXLRIOo3vq4KCNRrlHWLY0tffBt2YikgT3Uim', '0918222555', '小新', '2020-09-17 10:30:38'),
(8, 'mary@test.com', '$2b$12$oKaX5/UXXNQv5oEFWGWr2.ER.jL2DBs7w.ErhuglqmUH4.YMBeZie', '0918222555', '瑪麗亞', '2020-09-17 10:30:38'),
(9, 'dog@gmail.com', 'b2b2f104d32c638903e151a9b20d6e27b41d8c0c84cf8458738f83ca2f1dd744', '0918222333', '阿狗', '2025-03-04 15:01:02');

-- --------------------------------------------------------

--
-- 資料表結構 `members_history`
--

CREATE TABLE `members_history` (
  `id` int NOT NULL,
  `account_id` int NOT NULL,
  `page` varchar(50) NOT NULL,
  `action` varchar(20) NOT NULL,
  `content` text,
  `created_at` timestamp NULL DEFAULT CURRENT_TIMESTAMP
) ENGINE=InnoDB DEFAULT CHARSET=utf8mb4 COLLATE=utf8mb4_0900_ai_ci;

--
-- 傾印資料表的資料 `members_history`
--

INSERT INTO `members_history` (`id`, `account_id`, `page`, `action`, `content`, `created_at`) VALUES
(1, 7, 'recipes', '建立', '在 recipes 表中建立新記錄，記錄ID：74', '2025-03-05 13:04:59'),
(2, 7, 'recipes', '編輯', '在 recipes 表中編輯記錄，記錄ID：74', '2025-03-05 13:31:50'),
(3, 7, 'recipes', '編輯', '在 recipes 表中編輯記錄，記錄ID：1', '2025-03-05 14:12:01'),
(4, 7, 'login', '登入', '用戶 shin@test.com 成功登入系統', '2025-03-05 14:41:21'),
(5, 7, 'login', '登入', '用戶 shin@test.com 成功登入系統', '2025-03-05 14:48:22'),
(6, 7, 'logout', '登出', '用戶 shin@test.com 登出系統', '2025-03-05 14:48:56'),
(7, 7, 'login', '登入', '用戶 shin@test.com 成功登入系統', '2025-03-05 14:49:20'),
(8, 7, 'delete', '刪除recipes記錄', '管理員 7 刪除了 recipes 表中 ID 為 74 的記錄。被刪除記錄詳情：{\"recipe_id\":74,\"title\":\"新的紀錄系統的測試\",\"description\":\"新的紀錄系統的測試\",\"cook_time\":5,\"prep_time\":null,\"servings\":null,\"difficulty_level\":null,\"created_at\":\"2025-03-05 21:31:50\",\"updated_at\":\"2025-03-05 21:31:50\",\"author_id\":22,\"view_count\":50,\"like_count\":10,\"status\":\"active\"}', '2025-03-05 15:11:03'),
(9, 7, 'delete', 'recipes表單的刪除', '管理員 shin@test.com 刪除了 recipes 表中 ID 為 70 的記錄。被刪除記錄詳情：{\"recipe_id\":70,\"title\":\"測試用漢堡\",\"description\":\"測試用漢堡\",\"cook_time\":5,\"prep_time\":2,\"servings\":3,\"difficulty_level\":null,\"created_at\":\"2025-03-05 10:01:31\",\"updated_at\":\"2025-03-05 10:01:31\",\"author_id\":22,\"view_count\":33,\"like_count\":55,\"status\":null}', '2025-03-05 15:14:41'),
(10, 7, 'login', '登入', '用戶 shin@test.com 成功登入系統', '2025-03-06 02:06:10'),
(11, 7, 'logout', '登出', '用戶 shin@test.com 登出系統', '2025-03-06 02:22:38'),
(12, 7, 'login', '登入', '用戶 shin@test.com 成功登入系統', '2025-03-06 02:22:58'),
(13, 7, 'login', '登入', '用戶 shin@test.com 成功登入系統', '2025-03-06 06:40:38'),
(14, 7, 'recipes', '建立', '在 recipes 表中建立新記錄，記錄ID：75', '2025-03-06 07:18:38'),
(15, 7, 'steps', '建立', '在 steps 表中建立了 2 個步驟記錄，對應食譜ID：33', '2025-03-06 07:24:01'),
(16, 7, 'recipes', '建立', '在 recipes 表中建立新記錄，記錄ID：76', '2025-03-06 07:26:25'),
(17, 7, 'steps', '建立', '在 steps 表中建立了 2 個步驟記錄，對應食譜ID：76', '2025-03-06 07:28:20'),
(18, 7, 'login', '登入', '用戶 shin@test.com 成功登入系統', '2025-03-06 12:33:00'),
(19, 7, 'login', '登入', '用戶 shin@test.com 成功登入系統', '2025-03-07 07:34:48'),
(20, 7, 'recipes', '建立', '在 recipes 表中建立新記錄，記錄ID：77', '2025-03-07 08:18:07'),
(21, 7, 'steps', '建立', '在 steps 表中建立了 2 個步驟記錄，對應食譜ID：77', '2025-03-07 08:18:54'),
(22, 7, 'steps', '建立', '在 steps 表中建立了 2 個步驟記錄，對應食譜ID：77', '2025-03-07 08:47:21'),
(23, 7, 'delete', 'recipes表單的刪除', '管理員 shin@test.com 刪除了 recipes 表中 ID 為 77 的記錄。被刪除記錄詳情：{\"recipe_id\":77,\"recipe_name\":\"0309的測試\",\"description\":\"0309的測試\",\"cook_time\":null,\"prep_time\":null,\"servings\":null,\"difficulty_level\":null,\"created_at\":\"2025-03-07 16:18:07\",\"updated_at\":\"2025-03-07 16:18:07\",\"author_id\":null,\"view_count\":null,\"like_count\":null,\"status\":\"active\"}', '2025-03-07 08:47:46'),
(24, 7, 'delete', 'steps表單的刪除', '管理員 shin@test.com 刪除了 steps 表中 ID 為 269 的記錄。被刪除記錄詳情：{\"step_id\":269,\"recipe_id\":77,\"step_order\":1,\"description\":\"0309的步驟測試之2\",\"image_url\":null}', '2025-03-07 08:50:15'),
(25, 7, 'delete', 'steps表單的刪除', '管理員 shin@test.com 刪除了 steps 表中 ID 為 270 的記錄。被刪除記錄詳情：{\"step_id\":270,\"recipe_id\":77,\"step_order\":2,\"description\":\"0309的步驟測試之2\",\"image_url\":null}', '2025-03-07 08:50:23'),
(26, 7, 'steps', '建立', '在 steps 表中建立了 2 個步驟記錄，對應食譜ID：33', '2025-03-07 09:11:01'),
(27, 7, 'steps', '建立', '在 steps 表中建立了 2 個步驟記錄，對應食譜ID：20', '2025-03-07 14:12:12'),
(28, 7, 'delete', 'steps表單的刪除', '管理員 shin@test.com 刪除了 steps 表中 ID 為 267 的記錄。被刪除記錄詳情：{\"step_id\":267,\"recipe_id\":77,\"step_order\":1,\"description\":\"測試會不會繼承ID\",\"image_url\":null}', '2025-03-07 14:12:36'),
(29, 7, 'delete', 'steps表單的刪除', '管理員 shin@test.com 刪除了 steps 表中 ID 為 268 的記錄。被刪除記錄詳情：{\"step_id\":268,\"recipe_id\":null,\"step_order\":2,\"description\":\"測試ID繼承問題\",\"image_url\":null}', '2025-03-07 14:12:42'),
(30, 7, 'delete', 'steps表單的刪除', '管理員 shin@test.com 刪除了 steps 表中 ID 為 271 的記錄。被刪除記錄詳情：{\"step_id\":271,\"recipe_id\":33,\"step_order\":1,\"description\":\"蔥油餅測試\",\"image_url\":null}', '2025-03-07 14:12:53'),
(31, 7, 'delete', 'steps表單的刪除', '管理員 shin@test.com 刪除了 steps 表中 ID 為 266 的記錄。被刪除記錄詳情：{\"step_id\":266,\"recipe_id\":null,\"step_order\":2,\"description\":\"漢堡製作步驟第二步\",\"image_url\":\"uploads\\/steps\\/step_266_1741246100.jpg\"}', '2025-03-07 14:13:04'),
(32, 7, 'delete', 'steps表單的刪除', '管理員 shin@test.com 刪除了 steps 表中 ID 為 265 的記錄。被刪除記錄詳情：{\"step_id\":265,\"recipe_id\":76,\"step_order\":1,\"description\":\"漢堡製作步驟第一步\",\"image_url\":\"uploads\\/steps\\/step_265_1741246100.jpg\"}', '2025-03-07 14:13:09'),
(33, 7, 'steps', '建立', '在 steps 表中建立了 2 個步驟記錄，對應食譜ID：75', '2025-03-07 14:20:59'),
(34, 7, 'delete', 'steps表單的刪除', '管理員 shin@test.com 刪除了 steps 表中 ID 為 275 的記錄。被刪除記錄詳情：{\"step_id\":275,\"recipe_id\":75,\"step_order\":1,\"description\":null,\"image_url\":null}', '2025-03-07 14:21:05'),
(35, 7, 'delete', 'steps表單的刪除', '管理員 shin@test.com 刪除了 steps 表中 ID 為 276 的記錄。被刪除記錄詳情：{\"step_id\":276,\"recipe_id\":75,\"step_order\":2,\"description\":null,\"image_url\":null}', '2025-03-07 14:21:13'),
(36, 7, 'steps', '建立', '在 steps 表中建立了 2 個步驟記錄，對應食譜ID：33', '2025-03-07 16:03:22'),
(37, 7, 'recipe_images', '建立', '在 recipe_images 表中建立了 1 個步驟記錄，對應食譜ID：', '2025-03-07 16:04:07'),
(38, 7, 'recipe_images', '建立', '在 recipe_images 表中建立了 2 個步驟記錄，對應食譜ID：', '2025-03-07 16:13:52'),
(39, 7, 'recipes', '建立', '在 recipes 表中建立新記錄，記錄ID：78', '2025-03-07 17:53:15'),
(40, 7, 'steps', '建立', '在 steps 表中建立了 2 個步驟記錄，對應食譜ID：33', '2025-03-07 17:55:16'),
(41, 7, 'login', '登入', '用戶 shin@test.com 成功登入系統', '2025-03-08 02:18:55'),
(42, 7, 'steps', '建立', '在 steps 表中建立了 2 個步驟記錄，對應食譜ID：12', '2025-03-08 03:36:51'),
(43, 7, 'recipes', '建立', '在 recipes 表中建立新記錄，記錄ID：79', '2025-03-08 03:46:55'),
(44, 7, 'steps', '建立', '在 steps 表中建立了 2 個步驟記錄，對應食譜ID：79', '2025-03-08 03:47:37'),
(45, 7, 'recipe_images', '建立', '在 recipe_images 表中建立了 2 個步驟記錄，對應食譜ID：', '2025-03-08 03:48:15'),
(46, 7, 'steps', '建立', '在 steps 表中建立了 2 個步驟記錄，對應食譜ID：79', '2025-03-08 04:03:34'),
(47, 7, 'recipe_images', '編輯', '在 recipe_images 表中編輯記錄，記錄ID：101', '2025-03-08 04:19:10'),
(48, 7, 'login', '登入', '用戶 shin@test.com 成功登入系統', '2025-03-08 05:06:07'),
(49, 7, 'logout', '登出', '用戶 shin@test.com 登出系統', '2025-03-08 05:09:09'),
(50, 7, 'login', '登入', '用戶 shin@test.com 成功登入系統', '2025-03-08 07:11:36'),
(51, 7, 'login', '登入', '用戶 shin@test.com 成功登入系統', '2025-03-08 13:39:57'),
(52, 7, 'logout', '登出', '用戶 shin@test.com 登出系統', '2025-03-08 13:39:59'),
(53, 7, 'login', '登入', '用戶 shin@test.com 成功登入系統', '2025-03-08 13:40:11'),
(54, 7, 'logout', '登出', '用戶 shin@test.com 登出系統', '2025-03-08 13:59:19'),
(55, 7, 'login', '登入', '用戶 shin@test.com 成功登入系統', '2025-03-08 13:59:29'),
(56, 7, 'recipes', '編輯', '在 recipes 表中編輯記錄，記錄ID：78', '2025-03-08 14:05:23'),
(57, 7, 'login', '登入', '用戶 shin@test.com 成功登入系統', '2025-03-09 04:35:01'),
(58, 7, 'recipes', '建立', '在 recipes 表中建立新記錄，記錄ID：80', '2025-03-09 06:19:53'),
(59, 7, 'recipes', '編輯', '在 recipes 表中編輯記錄，記錄ID：1', '2025-03-09 07:12:01'),
(60, 7, 'recipes', '建立', '在 recipes 表中建立新記錄，記錄ID：81', '2025-03-09 07:58:33'),
(61, 7, 'delete', 'recipes表單的刪除', '管理員 shin@test.com 刪除了 recipes 表中 ID 為 81 的記錄。被刪除記錄詳情：{\"recipe_id\":81,\"recipe_name\":null,\"description\":null,\"cook_time\":null,\"servings\":null,\"created_at\":\"2025-03-09 15:58:33\",\"updated_at\":\"2025-03-09 15:58:33\",\"user_id\":null,\"view_count\":0,\"like_count\":0,\"status\":\"active\"}', '2025-03-09 07:58:37'),
(62, 7, 'steps', '建立', '在 steps 表中建立了 1 個步驟記錄，對應食譜ID：79', '2025-03-09 08:37:34'),
(63, 7, 'login', '登入', '用戶 shin@test.com 成功登入系統', '2025-03-09 12:07:18'),
(64, 7, 'food_products', '建立', '在 food_products 表中建立新記錄，記錄ID：1065', '2025-03-09 12:41:31'),
(65, 7, 'recipe_images', '編輯', '在 recipe_images 表中編輯了ID為 101 的記錄', '2025-03-09 13:00:33'),
(66, 7, 'login', '登入', '用戶 shin@test.com 成功登入系統', '2025-03-10 01:08:47'),
(67, 7, 'logout', '登出', '用戶 shin@test.com 登出系統', '2025-03-10 01:21:49'),
(68, 7, 'login', '登入', '用戶 shin@test.com 成功登入系統', '2025-03-10 01:22:17'),
(69, 7, 'logout', '登出', '用戶 shin@test.com 登出系統', '2025-03-10 01:34:49'),
(70, 7, 'login', '登入', '用戶 shin@test.com 成功登入系統', '2025-03-10 01:35:42'),
(71, 7, 'steps', '建立', '在 steps 表中建立了 2 個步驟記錄，對應食譜ID：33', '2025-03-10 01:37:35'),
(72, 7, 'login', '登入', '用戶 shin@test.com 成功登入系統', '2025-03-10 03:35:47'),
(73, 7, 'login', '登入', '用戶 shin@test.com 成功登入系統', '2025-03-10 05:51:46'),
(74, 7, 'logout', '登出', '用戶 shin@test.com 登出系統', '2025-03-10 06:10:38'),
(75, 7, 'login', '登入', '用戶 shin@test.com 成功登入系統', '2025-03-10 06:11:05'),
(76, 7, 'users', '編輯', '在 users 表中編輯記錄，記錄ID：52', '2025-03-10 06:18:41'),
(77, 7, 'users', '編輯', '在 users 表中編輯記錄，記錄ID：50', '2025-03-10 06:19:09'),
(78, 7, 'users', '建立', '在 users 表中建立新記錄，記錄ID：54', '2025-03-10 06:20:43'),
(79, 7, 'users', '編輯', '在 users 表中編輯記錄，記錄ID：54', '2025-03-10 06:21:22'),
(80, 7, 'users', '編輯', '在 users 表中編輯記錄，記錄ID：4', '2025-03-10 06:21:58'),
(81, 7, 'qanda', '建立', '在 qanda 表中建立新記錄，記錄ID：11', '2025-03-10 06:27:22'),
(82, 7, 'order_items', '建立', '在 order_items 表中建立新記錄，記錄ID：89', '2025-03-10 06:31:55'),
(83, 7, 'order_items', '建立', '在 order_items 表中建立新記錄，記錄ID：90', '2025-03-10 06:32:38'),
(84, 7, 'order_items', '建立', '在 order_items 表中建立新記錄，記錄ID：91', '2025-03-10 06:32:57'),
(85, 7, 'order_items', '編輯', '在 order_items 表中編輯記錄，記錄ID：91', '2025-03-10 06:33:05'),
(86, 7, 'delete', 'order_items表單的刪除', '管理員 shin@test.com 刪除了 order_items 表中 ID 為 91 的記錄。被刪除記錄詳情：{\"order_item_id\":91,\"order_id\":1,\"product_id\":1,\"quantity\":1,\"unit_price\":\"1.00\",\"subtotal\":\"1.00\"}', '2025-03-10 06:33:08'),
(87, 7, 'users', '建立', '在 users 表中建立新記錄，記錄ID：55', '2025-03-10 06:38:17'),
(88, 7, 'logout', '登出', '用戶 shin@test.com 登出系統', '2025-03-10 06:52:33'),
(89, 7, 'login', '登入', '用戶 shin@test.com 成功登入系統', '2025-03-10 06:52:48'),
(90, 7, 'users', '建立', '在 users 表中建立新記錄，記錄ID：57', '2025-03-10 07:16:40'),
(91, 7, 'chatmessages', '建立', '在 chatmessages 表中建立新記錄，記錄ID：51', '2025-03-10 07:18:08'),
(92, 7, 'chatmessages', '編輯', '在 chatmessages 表中編輯記錄，記錄ID：51', '2025-03-10 07:18:15'),
(93, 7, 'delete', 'chatmessages表單的刪除', '管理員 shin@test.com 刪除了 chatmessages 表中 ID 為 51 的記錄。被刪除記錄詳情：{\"id\":51,\"user_id\":12,\"message\":\"aaaa\",\"message_type\":\"text\",\"is_admin_reply\":1,\"created_at\":\"2025-03-10 15:18:08\"}', '2025-03-10 07:18:21'),
(94, 7, 'login', '登入', '用戶 shin@test.com 成功登入系統', '2025-03-10 09:52:24'),
(95, 7, 'delete', 'recipes表單的刪除', '管理員 shin@test.com 刪除了 recipes 表中 ID 為 80 的記錄。被刪除記錄詳情：{\"recipe_id\":80,\"recipe_name\":\"初始值測試\",\"description\":\"觀看數與喜歡數的初始值測試\",\"cook_time\":null,\"servings\":null,\"created_at\":\"2025-03-09 14:19:53\",\"updated_at\":\"2025-03-09 14:19:53\",\"user_id\":null,\"view_count\":0,\"like_count\":0,\"status\":\"active\"}', '2025-03-10 11:57:01'),
(96, 7, 'carts', '建立', '在 carts 表中建立新記錄，記錄ID：51', '2025-03-10 12:26:41'),
(97, 7, 'carts', '建立', '在 carts 表中建立新記錄，記錄ID：52', '2025-03-10 12:30:13'),
(98, 7, 'carts', '建立', '在 carts 表中建立新記錄，記錄ID：53', '2025-03-10 12:31:55'),
(99, 7, 'carts', '建立', '在 carts 表中建立新記錄，記錄ID：54', '2025-03-10 12:33:15'),
(100, 7, 'chatmessages', '編輯', '在 chatmessages 表中編輯記錄，記錄ID：1', '2025-03-10 14:12:25'),
(101, 7, 'chatmessages', '建立', '在 chatmessages 表中建立新記錄，記錄ID：52', '2025-03-10 14:14:07'),
(102, 7, 'contactus', '編輯', '在 contactus 表中編輯記錄，記錄ID：1', '2025-03-10 14:14:29'),
(103, 7, 'recipe_images', '建立', '在 recipe_images 表中建立了 1 個步驟記錄，對應食譜ID：', '2025-03-10 14:35:03'),
(104, 7, 'steps', '編輯', '在 steps 表中編輯了ID為 286 的記錄', '2025-03-10 14:38:08'),
(105, 7, 'food_products', '建立', '在 food_products 表中建立新記錄，記錄ID：1066', '2025-03-10 14:40:18'),
(106, 7, 'recipe_images', '建立', '在 recipe_images 表中建立了 1 個步驟記錄，對應食譜ID：', '2025-03-10 15:00:31'),
(107, 7, 'recipe_images', '編輯', '在 recipe_images 表中編輯了ID為 107 的記錄', '2025-03-10 15:00:49'),
(108, 7, 'recipe_images', '編輯', '在 recipe_images 表中編輯了ID為 107 的記錄', '2025-03-10 15:01:11'),
(109, 7, 'recipe_images', '編輯', '在 recipe_images 表中編輯了ID為 107 的記錄', '2025-03-10 15:01:26'),
(110, 7, 'steps', '建立', '在 steps 表中建立了 2 個步驟記錄，對應食譜ID：27', '2025-03-10 15:02:41'),
(111, 7, 'delete', 'steps表單的刪除', '管理員 shin@test.com 刪除了 steps 表中 ID 為 291 的記錄。被刪除記錄詳情：{\"step_id\":291,\"recipe_id\":27,\"step_order\":2,\"description\":\"測試2\",\"image_url\":\"uploads\\/steps\\/step_291_1741618961.jpg\"}', '2025-03-10 15:02:59'),
(112, 7, 'delete', 'steps表單的刪除', '管理員 shin@test.com 刪除了 steps 表中 ID 為 290 的記錄。被刪除記錄詳情：{\"step_id\":290,\"recipe_id\":27,\"step_order\":1,\"description\":\"測試\",\"image_url\":\"uploads\\/steps\\/step_290_1741618961.jpg\"}', '2025-03-10 15:03:03'),
(113, 7, 'recipe_images', '建立', '在 recipe_images 表中建立了 2 個步驟記錄，對應食譜ID：27', '2025-03-10 15:17:33'),
(114, 7, 'recipe_images', '編輯', '在 recipe_images 表中編輯了ID為 109 的記錄', '2025-03-10 15:21:25'),
(115, 7, 'recipe_images', '編輯', '在 recipe_images 表中編輯了ID為 109 的記錄', '2025-03-10 15:22:26'),
(116, 7, 'ingredients', '建立', '在 ingredients 表中建立新記錄，記錄ID：456', '2025-03-10 15:45:19'),
(117, 7, 'ingredients', '編輯', '在 ingredients 表中編輯記錄，記錄ID：456', '2025-03-10 15:45:33'),
(118, 7, 'ingredients', '建立', '在 ingredients 表中建立新記錄，記錄ID：457', '2025-03-10 15:51:09'),
(119, 7, 'ingredients', '建立', '在 ingredients 表中建立新記錄，記錄ID：458', '2025-03-10 15:52:35'),
(120, 7, 'delete', 'ingredients表單的刪除', '管理員 shin@test.com 刪除了 ingredients 表中 ID 為 458 的記錄。被刪除記錄詳情：{\"ingredient_id\":458,\"recipe_id\":null,\"name\":\"ABC\",\"quantity\":\"5\",\"unit\":\"5\",\"note\":\"5\"}', '2025-03-10 15:58:49'),
(121, 7, 'delete', 'ingredients表單的刪除', '管理員 shin@test.com 刪除了 ingredients 表中 ID 為 457 的記錄。被刪除記錄詳情：{\"ingredient_id\":457,\"recipe_id\":null,\"name\":\"PHP程式碼\",\"quantity\":\"2\",\"unit\":\"5\",\"note\":\"PHP程式碼\"}', '2025-03-10 15:58:53'),
(122, 7, 'ingredients', '建立', '在 ingredients 表中建立新記錄，記錄ID：459', '2025-03-10 15:59:07'),
(123, 7, 'recipe_images', '建立', '在 recipe_images 表中建立了 1 個步驟記錄，對應食譜ID：78', '2025-03-10 15:59:31'),
(124, 7, 'steps', '建立', '在 steps 表中建立了 1 個步驟記錄，對應食譜ID：42', '2025-03-10 16:04:23'),
(125, 7, 'delete', 'steps表單的刪除', '管理員 shin@test.com 刪除了 steps 表中 ID 為 292 的記錄。被刪除記錄詳情：{\"step_id\":292,\"recipe_id\":42,\"step_order\":1,\"description\":\"155\",\"image_url\":null}', '2025-03-10 16:04:28'),
(126, 7, 'carts', '建立', '在 carts 表中建立新記錄，記錄ID：55', '2025-03-10 16:13:26'),
(127, 7, 'carts', '編輯', '在 carts 表中編輯記錄，記錄ID：55', '2025-03-10 16:13:54'),
(128, 7, 'carts', '編輯', '在 carts 表中編輯記錄，記錄ID：55', '2025-03-10 16:15:21'),
(129, 7, 'carts', '編輯', '在 carts 表中編輯記錄，記錄ID：55', '2025-03-10 16:15:54'),
(130, 7, 'ingredients', '編輯', '在 ingredients 表中編輯記錄，記錄ID：459', '2025-03-10 16:24:53'),
(131, 7, 'ingredients', '編輯', '在 ingredients 表中編輯記錄，記錄ID：459', '2025-03-10 16:25:02'),
(132, 7, 'login', '登入', '用戶 shin@test.com 成功登入系統', '2025-03-11 01:10:01'),
(133, 7, 'carts', '建立', '在 carts 表中建立新記錄，記錄ID：57', '2025-03-11 01:20:21'),
(134, 7, 'carts', '編輯', '在 carts 表中編輯記錄，記錄ID：57', '2025-03-11 01:20:46'),
(135, 7, 'delete', 'carts表單的刪除', '管理員 shin@test.com 刪除了 carts 表中 ID 為 57 的記錄。被刪除記錄詳情：{\"cart_id\":57,\"user_id\":21,\"product_id\":1002,\"quantity\":2,\"unit_price\":\"2.00\",\"added_time\":\"2025-03-11 09:20:46\",\"cart_status\":\"active\",\"expiration_time\":\"2025-03-05\"}', '2025-03-11 01:20:57'),
(136, 7, 'carts', '建立', '在 carts 表中建立新記錄，記錄ID：58', '2025-03-11 01:21:26'),
(137, 7, 'delete', 'carts表單的刪除', '管理員 shin@test.com 刪除了 carts 表中 ID 為 58 的記錄。被刪除記錄詳情：{\"cart_id\":58,\"user_id\":22,\"product_id\":1002,\"quantity\":2,\"unit_price\":\"2.00\",\"added_time\":\"2025-03-11 09:21:26\",\"cart_status\":\"active\",\"expiration_time\":\"2025-03-08\"}', '2025-03-11 01:21:37'),
(138, 7, 'carts', '建立', '在 carts 表中建立新記錄，記錄ID：59', '2025-03-11 01:22:46'),
(139, 7, 'carts', '編輯', '在 carts 表中編輯記錄，記錄ID：59', '2025-03-11 01:23:08'),
(140, 7, 'delete', 'carts表單的刪除', '管理員 shin@test.com 刪除了 carts 表中 ID 為 59 的記錄。被刪除記錄詳情：{\"cart_id\":59,\"user_id\":21,\"product_id\":1001,\"quantity\":2,\"unit_price\":\"2.00\",\"added_time\":\"2025-03-11 09:23:08\",\"cart_status\":\"active\",\"expiration_time\":\"2025-03-07\"}', '2025-03-11 01:23:14'),
(141, 7, 'food_products', '編輯', '在 food_products 表中編輯記錄，記錄ID：1001', '2025-03-11 01:27:34'),
(142, 7, 'qanda', '建立', '在 qanda 表中建立新記錄，記錄ID：12', '2025-03-11 01:31:09'),
(143, 7, 'qanda', '編輯', '在 qanda 表中編輯記錄，記錄ID：12', '2025-03-11 01:31:31'),
(144, 7, 'qanda', '編輯', '在 qanda 表中編輯記錄，記錄ID：12', '2025-03-11 01:32:15'),
(145, 7, 'delete', 'qanda表單的刪除', '管理員 shin@test.com 刪除了 qanda 表中 ID 為 12 的記錄。被刪除記錄詳情：{\"id\":12,\"question\":\"請問\",\"answer\":\"答案是\",\"qanda_category\":\"商城相關\",\"created_at\":\"2025-03-11 09:31:09\"}', '2025-03-11 01:32:47'),
(146, 7, 'orders', '建立', '在 orders 表中建立新記錄，記錄ID：7030', '2025-03-11 02:54:03'),
(147, 7, 'orders', '編輯', '在 orders 表中編輯記錄，記錄ID：7030', '2025-03-11 02:54:43'),
(148, 7, 'order_items', '建立', '在 order_items 表中建立新記錄，記錄ID：92', '2025-03-11 02:55:38'),
(149, 7, 'order_items', '建立', '在 order_items 表中建立新記錄，記錄ID：93', '2025-03-11 03:04:17'),
(150, 7, 'users', '建立', '在 users 表中建立新記錄，記錄ID：59', '2025-03-11 03:21:19'),
(151, 7, 'users', '建立', '在 users 表中建立新記錄，記錄ID：60', '2025-03-11 03:25:57'),
(152, 7, 'users', '編輯', '在 users 表中編輯記錄，記錄ID：1', '2025-03-11 03:27:35'),
(153, 7, 'users', '編輯', '在 users 表中編輯記錄，記錄ID：60', '2025-03-11 03:31:07'),
(154, 7, 'users', '建立', '在 users 表中建立新記錄，記錄ID：61', '2025-03-11 03:34:52'),
(155, 7, 'users', '編輯', '在 users 表中編輯記錄，記錄ID：61', '2025-03-11 03:35:06'),
(156, 7, 'users', '建立', '在 users 表中建立新記錄，記錄ID：63', '2025-03-11 03:36:50'),
(157, 7, 'users', '編輯', '在 users 表中編輯記錄，記錄ID：63', '2025-03-11 03:37:08'),
(158, 7, 'delete', 'users表單的刪除', '管理員 shin@test.com 刪除了 users 表中 ID 為 60 的記錄。被刪除記錄詳情：{\"user_id\":60,\"email\":\"DOG@gmail.com\",\"phone_number\":\"09885\",\"password\":\"123456\",\"full_name\":\"DOG\",\"birthday\":\"2025-03-01\",\"gender\":\"M\",\"address\":\"HOME\",\"username\":\"DOG123456\",\"registration_date\":\"2025-03-11 11:25:57\",\"last_login\":null,\"account_status\":\"active\"}', '2025-03-11 03:37:29'),
(159, 7, 'delete', 'users表單的刪除', '管理員 shin@test.com 刪除了 users 表中 ID 為 53 的記錄。被刪除記錄詳情：{\"user_id\":53,\"email\":\"\",\"phone_number\":null,\"password\":\"\",\"full_name\":null,\"birthday\":null,\"gender\":null,\"address\":null,\"username\":\"\",\"registration_date\":\"2025-03-10 11:31:34\",\"last_login\":null,\"account_status\":\"active\"}', '2025-03-11 03:37:34'),
(160, 7, 'users', '編輯', '在 users 表中編輯記錄，記錄ID：63', '2025-03-11 03:53:25'),
(161, 7, 'login', '登入', '用戶 shin@test.com 成功登入系統', '2025-03-11 07:34:20'),
(162, 7, 'login', '登入', '用戶 shin@test.com 成功登入系統', '2025-03-29 06:27:37'),
(163, 7, 'login', '登入', '用戶 shin@test.com 成功登入系統', '2025-05-17 12:52:17');

-- --------------------------------------------------------

--
-- 資料表結構 `news`
--

CREATE TABLE `news` (
  `id` int NOT NULL,
  `title` varchar(255) NOT NULL,
  `content` text NOT NULL,
  `thumbnail_url` varchar(255) DEFAULT NULL,
  `category` enum('latest','trending') NOT NULL,
  `created_at` datetime DEFAULT CURRENT_TIMESTAMP,
  `updated_at` datetime DEFAULT CURRENT_TIMESTAMP ON UPDATE CURRENT_TIMESTAMP
) ENGINE=InnoDB DEFAULT CHARSET=utf8mb4 COLLATE=utf8mb4_0900_ai_ci;

--
-- 傾印資料表的資料 `news`
--

INSERT INTO `news` (`id`, `title`, `content`, `thumbnail_url`, `category`, `created_at`, `updated_at`) VALUES
(1, '米其林三星餐廳「秋香樓」正式開幕', '知名主廚林志明的全新餐飲項目「秋香樓」今日在台北市信義區盛大開幕。這家融合台灣本土風味與現代烹飪技術的餐廳，以創新的菜單和精緻的用餐體驗迅速吸引了眾多美食愛好者的注意。林主廚表示：「秋香樓的理念是將台灣最傳統的味道以現代的手法呈現，讓顧客能夠在優雅的環境中重新認識台灣美食的深度。」餐廳開幕首週已經一位難求，預約排期已經延長至三個月之後。', 'https://restaurant-images.local/qiuxiang.jpg', 'latest', '2025-05-03 11:20:30', '2025-05-03 11:20:30'),
(2, '「海天一線」推出全新海鮮季節菜單', '位於基隆海濱的知名餐廳「海天一線」本週推出全新的春季菜單，主打當季新鮮海產。餐廳主廚王家明表示：「每一道菜都是精選當日漁獲，從海上到餐桌的時間不超過六小時，確保顧客能品嚐到最鮮美的海鮮。」新菜單以東北角特有的岩礁魚類為主打，包括紅條石斑、花格石斑等珍稀品種，採用低溫烹調手法保留魚肉的原始風味。餐廳更邀請了在地漁民定期舉辦分享會，向顧客介紹各種海鮮的特色與永續捕撈的重要性。', 'https://restaurant-images.local/sealine.jpg', 'trending', '2025-05-03 11:20:30', '2025-05-03 11:20:30'),
(3, '素食餐廳「禪悅」榮獲年度最佳創新餐廳', '台中素食餐廳「禪悅」在今年全國餐飲大獎中脫穎而出，獲得「年度最佳創新餐廳」殊榮。該餐廳以精緻的蔬食料理聞名，主廚陳靜怡運用台灣本土蔬果，創造出層次豐富的純素料理。評審團讚賞道：「禪悅不僅改變了大眾對素食的刻板印象，更將台灣的蔬食文化提升到了藝術的層次。」餐廳的招牌菜「山林之味」更是使用了二十多種台灣特有的山林食材，呈現出台灣獨特的自然風味。', 'https://restaurant-images.local/zenpleasure.jpg', 'latest', '2025-05-03 11:20:30', '2025-05-03 11:20:30'),
(4, '台南老字號「同安堂」慶祝百年店慶', '創立於1925年的台南老字號餐廳「同安堂」本月迎來百年店慶。這家以傳統台南料理聞名的餐廳，百年來堅持手工製作，多道招牌菜至今仍使用創始人的祖傳配方。第四代傳人李文忠表示：「一世紀以來，我們見證了台灣飲食文化的變遷，但同安堂始終堅持用最傳統的方式呈現台南美食的精髓。」為慶祝百年店慶，餐廳特別推出限量復刻菜單，重現多道已經失傳的古早台南美食，引起了眾多老饕的關注與好評。', 'https://restaurant-images.local/tongan.jpg', 'trending', '2025-05-03 11:20:30', '2025-05-03 11:20:30'),
(5, '「山月樓」推出台日fusion新菜色', '知名的台日fusion餐廳「山月樓」本週推出全新菜單，融合了台灣本土食材與日本料理技法。主廚張明輝曾在東京米其林餐廳修業十年，回台後致力於將台灣在地食材以日本精緻料理手法呈現。新菜單中的「霧台野菇燉飯」使用了來自台灣高山的珍稀菇類，搭配日本職人手工製作的高湯，展現出獨特的台日混合風味。餐廳經理表示，新菜單上市以來，預約已經滿到下個月，顯示出消費者對高品質台日融合料理的強烈需求。', 'https://restaurant-images.local/mountainmoon.jpg', 'latest', '2025-05-03 11:20:30', '2025-05-03 11:20:30'),
(6, '「阿財鹽酥雞」入選亞洲街頭美食50強', '位於高雄六合夜市的「阿財鹽酥雞」日前榮登「亞洲街頭美食50強」榜單，成為台灣唯一入選的鹽酥雞攤位。老闆阿財師傅堅持使用新鮮食材與特製醬料，使其鹽酥雞擁有獨特風味。對於此次獲獎，阿財師傅謙虛地表示：「我只是做了四十年如一日的事情，沒想到能獲得國際認可。」專家評審讚賞其鹽酥雞外酥內嫩，且調味恰到好處，完美展現了台灣街頭小吃的精髓。自獲獎消息傳出後，「阿財鹽酥雞」前的排隊人潮更是絡繹不絕，等待時間最長可達兩小時。', 'https://restaurant-images.local/acai.jpg', 'trending', '2025-05-03 11:20:30', '2025-05-03 11:20:30'),
(7, '「翠園」推出全新時令蔬果餐點', '以健康有機料理聞名的「翠園」餐廳本季推出全新的時令蔬果餐點系列。餐廳與全台各地的小型有機農場合作，嚴選當季最新鮮的食材。主廚林青山表示：「我們希望顧客在享用美食的同時，也能感受到台灣各地豐富的物產與四季變化。」新菜單中的「春日野菜拼盤」匯集了十多種當季野菜，搭配特製的柚子醋調味，清爽中帶有豐富層次。餐廳更新增了「食材溯源」服務，顧客可以通過掃描QR碼了解每道菜品的食材來源與種植方式。', 'https://restaurant-images.local/greengarden.jpg', 'latest', '2025-05-03 11:20:30', '2025-05-03 11:20:30'),
(8, '「老江湖火鍋」開設全台第十家分店', '深受年輕族群喜愛的「老江湖火鍋」本週在台北東區盛大開設全台第十家分店。以復古風格裝潢和創新火鍋料理聞名的「老江湖」，從2020年創立至今快速擴張。創辦人江明哲表示：「我們的成功在於堅持使用優質食材，並不斷創新火鍋體驗。」新分店特別設計了「懷舊台北」主題，室內裝潢重現1980年代台北街景，並推出多款結合台灣傳統小吃元素的創新火鍋料理，如「蚵仔煎丸子」、「大腸包小腸湯底」等，吸引了大批年輕消費者前來打卡。', 'https://restaurant-images.local/oldfox.jpg', 'trending', '2025-05-03 11:20:30', '2025-05-03 11:20:30'),
(9, '「漁村食堂」與在地漁民合作推廣永續海鮮', '宜蘭烏石港的「漁村食堂」近日與當地漁民合作，推出一系列永續海鮮餐點。餐廳老闆陳大海是退役漁民，深知過度捕撈對海洋生態的危害。他表示：「我們只使用符合永續標準的海鮮，並嚴格遵守漁獲季節。」餐廳的「永續海鮮拼盤」使用當日符合永續標準的漁獲，烹調方式簡單，突顯食材本身的鮮美。此外，餐廳每週五晚上會舉辦「認識海洋生態」講座，邀請在地漁民與海洋生態學者分享知識，提高大眾對海洋保育的意識。', 'https://restaurant-images.local/fishinghall.jpg', 'latest', '2025-05-03 11:20:30', '2025-05-03 11:20:30'),
(10, '「北醫藥膳坊」結合傳統中醫與現代飲食', '由台北醫學大學中醫學院支持的「北醫藥膳坊」餐廳本月正式開幕，提供結合傳統中醫理論與現代營養學的創新料理。餐廳聘請了中醫師與營養師共同設計菜單，根據節氣與個人體質提供客製化的餐點建議。首席中醫顧問張華中醫師表示：「我們希望通過美食讓更多人了解中醫的養生智慧，並將其融入日常生活。」餐廳的招牌「四季調和套餐」依據二十四節氣變化調整內容，針對不同季節的養生需求提供相應的藥膳料理。開幕以來，吸引了大量追求健康飲食的消費者，特別是上班族與銀髮族群。', 'https://restaurant-images.local/medicine.jpg', 'trending', '2025-05-03 11:20:30', '2025-05-03 11:20:30');

-- --------------------------------------------------------

--
-- 資料表結構 `orders`
--

CREATE TABLE `orders` (
  `order_id` int NOT NULL,
  `user_id` int NOT NULL,
  `total_price` decimal(10,2) NOT NULL,
  `order_status` enum('已完成','處理中','已取消') CHARACTER SET utf8mb4 COLLATE utf8mb4_general_ci NOT NULL,
  `order_date` datetime NOT NULL,
  `payment_status` enum('已付款','未付款','已退款') CHARACTER SET utf8mb4 COLLATE utf8mb4_general_ci NOT NULL,
  `shipping_status` enum('已送達','未出貨','不適用') CHARACTER SET utf8mb4 COLLATE utf8mb4_general_ci NOT NULL,
  `shipping_address` varchar(255) CHARACTER SET utf8mb4 COLLATE utf8mb4_general_ci DEFAULT NULL COMMENT '收件人地址',
  `notes` varchar(255) CHARACTER SET utf8mb4 COLLATE utf8mb4_general_ci DEFAULT NULL COMMENT '訂單備註欄',
  `paid_at` timestamp NULL DEFAULT CURRENT_TIMESTAMP COMMENT '付款成功時間（用於付款後通知）'
) ENGINE=InnoDB DEFAULT CHARSET=utf8mb4 COLLATE=utf8mb4_general_ci;

--
-- 傾印資料表的資料 `orders`
--

INSERT INTO `orders` (`order_id`, `user_id`, `total_price`, `order_status`, `order_date`, `payment_status`, `shipping_status`, `shipping_address`, `notes`, `paid_at`) VALUES
(7000, 3, 1193.05, '處理中', '2025-02-11 12:17:41', '未付款', '未出貨', NULL, NULL, '2025-05-20 07:02:08'),
(7001, 3, 1365.72, '已完成', '2025-02-22 12:17:41', '已付款', '已送達', NULL, NULL, '2025-05-20 07:02:08'),
(7002, 4, 1374.24, '處理中', '2025-02-23 12:17:41', '已退款', '已送達', NULL, NULL, '2025-05-20 07:02:08'),
(7003, 1, 1547.47, '已完成', '2025-02-25 12:17:41', '已退款', '不適用', NULL, NULL, '2025-05-20 07:02:08'),
(7004, 2, 2985.02, '處理中', '2025-02-20 12:17:41', '已退款', '已送達', NULL, NULL, '2025-05-20 07:02:08'),
(7005, 3, 1794.46, '處理中', '2025-02-24 12:17:41', '未付款', '未出貨', NULL, NULL, '2025-05-20 07:02:08'),
(7006, 4, 2546.50, '處理中', '2025-02-17 12:17:41', '已退款', '未出貨', NULL, NULL, '2025-05-20 07:02:08'),
(7007, 4, 1543.52, '已取消', '2025-02-12 12:17:41', '已付款', '已送達', NULL, NULL, '2025-05-20 07:02:08'),
(7008, 2, 2240.74, '已完成', '2025-02-12 12:17:41', '已付款', '已送達', NULL, NULL, '2025-05-20 07:02:08'),
(7009, 1, 2667.16, '已取消', '2025-02-11 12:17:41', '已退款', '未出貨', NULL, NULL, '2025-05-20 07:02:08'),
(7010, 5, 2219.45, '處理中', '2025-02-01 12:17:41', '未付款', '已送達', NULL, NULL, '2025-05-20 07:02:08'),
(7011, 2, 348.55, '已取消', '2025-02-23 12:17:41', '已付款', '已送達', NULL, NULL, '2025-05-20 07:02:08'),
(7012, 5, 718.35, '已完成', '2025-02-24 12:17:41', '已付款', '已送達', NULL, NULL, '2025-05-20 07:02:08'),
(7013, 1, 2046.14, '已完成', '2025-02-14 12:17:41', '已付款', '未出貨', NULL, NULL, '2025-05-20 07:02:08'),
(7014, 2, 575.98, '已完成', '2025-02-09 12:17:41', '已付款', '不適用', NULL, NULL, '2025-05-20 07:02:08'),
(7015, 1, 835.33, '已完成', '2025-02-04 12:17:41', '已付款', '未出貨', NULL, NULL, '2025-05-20 07:02:08'),
(7016, 5, 1792.07, '已完成', '2025-02-18 12:17:41', '已付款', '未出貨', NULL, NULL, '2025-05-20 07:02:08'),
(7017, 1, 766.03, '處理中', '2025-02-01 12:17:41', '已付款', '已送達', NULL, NULL, '2025-05-20 07:02:08'),
(7018, 1, 2229.72, '處理中', '2025-02-03 12:17:41', '已退款', '已送達', NULL, NULL, '2025-05-20 07:02:08'),
(7019, 2, 1348.60, '已取消', '2025-02-11 12:17:41', '已退款', '已送達', NULL, NULL, '2025-05-20 07:02:08'),
(7020, 4, 1365.26, '處理中', '2025-02-25 12:17:41', '未付款', '不適用', NULL, NULL, '2025-05-20 07:02:08'),
(7021, 4, 170.07, '處理中', '2025-02-03 12:17:41', '未付款', '已送達', NULL, NULL, '2025-05-20 07:02:08'),
(7022, 3, 758.41, '已取消', '2025-02-08 12:17:41', '已付款', '已送達', NULL, NULL, '2025-05-20 07:02:08'),
(7023, 5, 449.75, '處理中', '2025-02-19 12:17:41', '已退款', '不適用', NULL, NULL, '2025-05-20 07:02:08'),
(7024, 4, 411.90, '已完成', '2025-02-03 12:17:41', '未付款', '已送達', NULL, NULL, '2025-05-20 07:02:08'),
(7025, 2, 1443.86, '處理中', '2025-02-08 12:17:41', '已付款', '已送達', NULL, NULL, '2025-05-20 07:02:08'),
(7026, 4, 2299.70, '處理中', '2025-02-22 12:17:41', '未付款', '已送達', NULL, NULL, '2025-05-20 07:02:08'),
(7027, 4, 427.11, '已取消', '2025-02-12 12:17:41', '已退款', '未出貨', NULL, NULL, '2025-05-20 07:02:08'),
(7028, 1, 2755.45, '處理中', '2025-02-18 12:17:41', '已付款', '不適用', NULL, NULL, '2025-05-20 07:02:08'),
(7029, 5, 2228.63, '已完成', '2025-02-09 12:17:41', '未付款', '不適用', NULL, NULL, '2025-05-20 07:02:08'),
(7030, 22, 100.00, '處理中', '2025-03-05 00:00:00', '已付款', '已送達', NULL, NULL, '2025-05-20 07:02:08');

-- --------------------------------------------------------

--
-- 資料表結構 `order_items`
--

CREATE TABLE `order_items` (
  `order_item_id` int NOT NULL,
  `order_id` int NOT NULL,
  `product_id` int NOT NULL,
  `quantity` int NOT NULL,
  `unit_price` decimal(10,2) NOT NULL,
  `subtotal` decimal(10,2) DEFAULT NULL
) ENGINE=InnoDB DEFAULT CHARSET=utf8mb4 COLLATE=utf8mb4_general_ci;

--
-- 傾印資料表的資料 `order_items`
--

INSERT INTO `order_items` (`order_item_id`, `order_id`, `product_id`, `quantity`, `unit_price`, `subtotal`) VALUES
(1, 7000, 1005, 2, 797.84, 1595.68),
(2, 7001, 1004, 3, 623.24, 1869.72),
(3, 7001, 1004, 1, 72.59, 72.59),
(4, 7002, 1005, 1, 1344.90, 1344.90),
(5, 7002, 1001, 3, 1343.73, 4031.19),
(6, 7002, 1002, 2, 336.22, 672.44),
(7, 7002, 1005, 2, 296.74, 593.48),
(8, 7002, 1005, 2, 1313.10, 2626.20),
(9, 7003, 1001, 3, 319.28, 957.84),
(10, 7003, 1004, 3, 673.04, 2019.12),
(11, 7004, 1003, 3, 1110.28, 3330.84),
(12, 7005, 1004, 3, 1001.44, 3004.32),
(13, 7005, 1002, 1, 1113.62, 1113.62),
(14, 7006, 1001, 1, 627.44, 627.44),
(15, 7006, 1005, 2, 86.67, 173.34),
(16, 7006, 1005, 3, 1277.35, 3832.05),
(17, 7006, 1002, 3, 781.69, 2345.07),
(18, 7006, 1005, 3, 282.30, 846.90),
(19, 7007, 1004, 1, 811.89, 811.89),
(20, 7007, 1005, 1, 340.14, 340.14),
(21, 7007, 1005, 1, 1308.37, 1308.37),
(22, 7007, 1004, 2, 1392.82, 2785.64),
(23, 7007, 1004, 2, 1488.87, 2977.74),
(24, 7008, 1002, 1, 588.96, 588.96),
(25, 7008, 1004, 1, 530.33, 530.33),
(26, 7008, 1002, 1, 1288.63, 1288.63),
(27, 7009, 1005, 2, 1366.19, 2732.38),
(28, 7009, 1002, 3, 804.82, 2414.46),
(29, 7009, 1003, 1, 873.82, 873.82),
(30, 7009, 1003, 3, 845.66, 2536.98),
(31, 7010, 1005, 3, 617.08, 1851.24),
(32, 7010, 1005, 3, 1374.17, 4122.51),
(33, 7010, 1002, 3, 1272.55, 3817.65),
(34, 7010, 1003, 3, 233.96, 701.88),
(35, 7011, 1003, 1, 1337.15, 1337.15),
(36, 7011, 1004, 2, 1110.18, 2220.36),
(37, 7011, 1001, 1, 803.19, 803.19),
(38, 7011, 1003, 1, 381.02, 381.02),
(39, 7012, 1002, 1, 540.33, 540.33),
(40, 7012, 1005, 1, 141.17, 141.17),
(41, 7012, 1003, 3, 279.64, 838.92),
(42, 7013, 1001, 2, 443.00, 886.00),
(43, 7013, 1001, 2, 1325.13, 2650.26),
(44, 7013, 1004, 3, 450.14, 1350.42),
(45, 7014, 1003, 2, 983.48, 1966.96),
(46, 7014, 1003, 2, 693.91, 1387.82),
(47, 7014, 1003, 2, 1181.95, 2363.90),
(48, 7014, 1003, 3, 408.41, 1225.23),
(49, 7014, 1005, 2, 1177.33, 2354.66),
(50, 7015, 1002, 1, 1074.36, 1074.36),
(51, 7015, 1005, 3, 736.45, 2209.35),
(52, 7016, 1002, 2, 647.11, 1294.22),
(53, 7016, 1002, 3, 268.44, 805.32),
(54, 7016, 1005, 3, 807.18, 2421.54),
(55, 7017, 1002, 1, 118.37, 118.37),
(56, 7017, 1003, 1, 282.47, 282.47),
(57, 7017, 1003, 1, 1150.93, 1150.93),
(58, 7018, 1003, 2, 1151.57, 2303.14),
(59, 7019, 1002, 1, 568.88, 568.88),
(60, 7019, 1001, 2, 691.34, 1382.68),
(61, 7019, 1005, 3, 668.48, 2005.44),
(62, 7019, 1002, 3, 739.61, 2218.83),
(63, 7020, 1004, 1, 441.75, 441.75),
(64, 7020, 1004, 1, 149.79, 149.79),
(65, 7020, 1004, 2, 620.84, 1241.68),
(66, 7020, 1002, 1, 370.80, 370.80),
(67, 7020, 1002, 2, 1290.67, 2581.34),
(68, 7021, 1004, 1, 913.57, 913.57),
(69, 7021, 1004, 2, 1488.26, 2976.52),
(70, 7022, 1005, 2, 994.92, 1989.84),
(71, 7022, 1002, 2, 270.41, 540.82),
(72, 7022, 1003, 1, 692.90, 692.90),
(73, 7022, 1001, 3, 727.07, 2181.21),
(74, 7022, 1005, 3, 133.11, 399.33),
(75, 7023, 1002, 2, 786.69, 1573.38),
(76, 7024, 1003, 1, 775.12, 775.12),
(77, 7024, 1001, 2, 261.81, 523.62),
(78, 7024, 1001, 2, 1196.46, 2392.92),
(79, 7024, 1003, 1, 1431.36, 1431.36),
(80, 7025, 1002, 2, 428.90, 857.80),
(81, 7025, 1004, 2, 825.52, 1651.04),
(82, 7026, 1004, 3, 936.48, 2809.44),
(83, 7027, 1001, 2, 393.64, 787.28),
(84, 7028, 1003, 2, 976.20, 1952.40),
(85, 7028, 1004, 3, 486.97, 1460.91),
(86, 7028, 1003, 3, 1118.46, 3355.38),
(87, 7029, 1003, 2, 1026.42, 2052.84),
(88, 7029, 1003, 1, 577.12, 577.12),
(89, 33, 33, 5, 5.00, 55.00),
(90, 7033, 1022, 55, 44.00, 5.00),
(92, 7005, 1005, 4, 20.00, 80.00),
(93, 7001, 1005, 5, 100.00, NULL);

-- --------------------------------------------------------

--
-- 資料表結構 `pma__bookmark`
--

CREATE TABLE `pma__bookmark` (
  `id` int UNSIGNED NOT NULL,
  `dbase` varchar(255) CHARACTER SET utf8mb3 COLLATE utf8mb3_bin NOT NULL DEFAULT '',
  `user` varchar(255) CHARACTER SET utf8mb3 COLLATE utf8mb3_bin NOT NULL DEFAULT '',
  `label` varchar(255) CHARACTER SET utf8mb3 COLLATE utf8mb3_general_ci NOT NULL DEFAULT '',
  `query` text CHARACTER SET utf8mb3 COLLATE utf8mb3_bin NOT NULL
) ENGINE=InnoDB DEFAULT CHARSET=utf8mb3 COLLATE=utf8mb3_bin COMMENT='Bookmarks';

-- --------------------------------------------------------

--
-- 資料表結構 `pma__central_columns`
--

CREATE TABLE `pma__central_columns` (
  `db_name` varchar(64) CHARACTER SET utf8mb3 COLLATE utf8mb3_bin NOT NULL,
  `col_name` varchar(64) CHARACTER SET utf8mb3 COLLATE utf8mb3_bin NOT NULL,
  `col_type` varchar(64) CHARACTER SET utf8mb3 COLLATE utf8mb3_bin NOT NULL,
  `col_length` text CHARACTER SET utf8mb3 COLLATE utf8mb3_bin,
  `col_collation` varchar(64) CHARACTER SET utf8mb3 COLLATE utf8mb3_bin NOT NULL,
  `col_isNull` tinyint(1) NOT NULL,
  `col_extra` varchar(255) CHARACTER SET utf8mb3 COLLATE utf8mb3_bin DEFAULT '',
  `col_default` text CHARACTER SET utf8mb3 COLLATE utf8mb3_bin
) ENGINE=InnoDB DEFAULT CHARSET=utf8mb3 COLLATE=utf8mb3_bin COMMENT='Central list of columns';

-- --------------------------------------------------------

--
-- 資料表結構 `pma__column_info`
--

CREATE TABLE `pma__column_info` (
  `id` int UNSIGNED NOT NULL,
  `db_name` varchar(64) CHARACTER SET utf8mb3 COLLATE utf8mb3_bin NOT NULL DEFAULT '',
  `table_name` varchar(64) CHARACTER SET utf8mb3 COLLATE utf8mb3_bin NOT NULL DEFAULT '',
  `column_name` varchar(64) CHARACTER SET utf8mb3 COLLATE utf8mb3_bin NOT NULL DEFAULT '',
  `comment` varchar(255) CHARACTER SET utf8mb3 COLLATE utf8mb3_general_ci NOT NULL DEFAULT '',
  `mimetype` varchar(255) CHARACTER SET utf8mb3 COLLATE utf8mb3_general_ci NOT NULL DEFAULT '',
  `transformation` varchar(255) CHARACTER SET utf8mb3 COLLATE utf8mb3_bin NOT NULL DEFAULT '',
  `transformation_options` varchar(255) CHARACTER SET utf8mb3 COLLATE utf8mb3_bin NOT NULL DEFAULT '',
  `input_transformation` varchar(255) CHARACTER SET utf8mb3 COLLATE utf8mb3_bin NOT NULL DEFAULT '',
  `input_transformation_options` varchar(255) CHARACTER SET utf8mb3 COLLATE utf8mb3_bin NOT NULL DEFAULT ''
) ENGINE=InnoDB DEFAULT CHARSET=utf8mb3 COLLATE=utf8mb3_bin COMMENT='Column information for phpMyAdmin';

-- --------------------------------------------------------

--
-- 資料表結構 `pma__designer_settings`
--

CREATE TABLE `pma__designer_settings` (
  `username` varchar(64) CHARACTER SET utf8mb3 COLLATE utf8mb3_bin NOT NULL,
  `settings_data` text CHARACTER SET utf8mb3 COLLATE utf8mb3_bin NOT NULL
) ENGINE=InnoDB DEFAULT CHARSET=utf8mb3 COLLATE=utf8mb3_bin COMMENT='Settings related to Designer';

-- --------------------------------------------------------

--
-- 資料表結構 `pma__export_templates`
--

CREATE TABLE `pma__export_templates` (
  `id` int UNSIGNED NOT NULL,
  `username` varchar(64) CHARACTER SET utf8mb3 COLLATE utf8mb3_bin NOT NULL,
  `export_type` varchar(10) CHARACTER SET utf8mb3 COLLATE utf8mb3_bin NOT NULL,
  `template_name` varchar(64) CHARACTER SET utf8mb3 COLLATE utf8mb3_bin NOT NULL,
  `template_data` text CHARACTER SET utf8mb3 COLLATE utf8mb3_bin NOT NULL
) ENGINE=InnoDB DEFAULT CHARSET=utf8mb3 COLLATE=utf8mb3_bin COMMENT='Saved export templates';

-- --------------------------------------------------------

--
-- 資料表結構 `pma__favorite`
--

CREATE TABLE `pma__favorite` (
  `username` varchar(64) CHARACTER SET utf8mb3 COLLATE utf8mb3_bin NOT NULL,
  `tables` text CHARACTER SET utf8mb3 COLLATE utf8mb3_bin NOT NULL
) ENGINE=InnoDB DEFAULT CHARSET=utf8mb3 COLLATE=utf8mb3_bin COMMENT='Favorite tables';

-- --------------------------------------------------------

--
-- 資料表結構 `pma__history`
--

CREATE TABLE `pma__history` (
  `id` bigint UNSIGNED NOT NULL,
  `username` varchar(64) CHARACTER SET utf8mb3 COLLATE utf8mb3_bin NOT NULL DEFAULT '',
  `db` varchar(64) CHARACTER SET utf8mb3 COLLATE utf8mb3_bin NOT NULL DEFAULT '',
  `table` varchar(64) CHARACTER SET utf8mb3 COLLATE utf8mb3_bin NOT NULL DEFAULT '',
  `timevalue` timestamp NOT NULL DEFAULT CURRENT_TIMESTAMP,
  `sqlquery` text CHARACTER SET utf8mb3 COLLATE utf8mb3_bin NOT NULL
) ENGINE=InnoDB DEFAULT CHARSET=utf8mb3 COLLATE=utf8mb3_bin COMMENT='SQL history for phpMyAdmin';

-- --------------------------------------------------------

--
-- 資料表結構 `pma__navigationhiding`
--

CREATE TABLE `pma__navigationhiding` (
  `username` varchar(64) CHARACTER SET utf8mb3 COLLATE utf8mb3_bin NOT NULL,
  `item_name` varchar(64) CHARACTER SET utf8mb3 COLLATE utf8mb3_bin NOT NULL,
  `item_type` varchar(64) CHARACTER SET utf8mb3 COLLATE utf8mb3_bin NOT NULL,
  `db_name` varchar(64) CHARACTER SET utf8mb3 COLLATE utf8mb3_bin NOT NULL,
  `table_name` varchar(64) CHARACTER SET utf8mb3 COLLATE utf8mb3_bin NOT NULL
) ENGINE=InnoDB DEFAULT CHARSET=utf8mb3 COLLATE=utf8mb3_bin COMMENT='Hidden items of navigation tree';

-- --------------------------------------------------------

--
-- 資料表結構 `pma__pdf_pages`
--

CREATE TABLE `pma__pdf_pages` (
  `db_name` varchar(64) CHARACTER SET utf8mb3 COLLATE utf8mb3_bin NOT NULL DEFAULT '',
  `page_nr` int UNSIGNED NOT NULL,
  `page_descr` varchar(50) CHARACTER SET utf8mb3 COLLATE utf8mb3_general_ci NOT NULL DEFAULT ''
) ENGINE=InnoDB DEFAULT CHARSET=utf8mb3 COLLATE=utf8mb3_bin COMMENT='PDF relation pages for phpMyAdmin';

-- --------------------------------------------------------

--
-- 資料表結構 `pma__recent`
--

CREATE TABLE `pma__recent` (
  `username` varchar(64) CHARACTER SET utf8mb3 COLLATE utf8mb3_bin NOT NULL,
  `tables` text CHARACTER SET utf8mb3 COLLATE utf8mb3_bin NOT NULL
) ENGINE=InnoDB DEFAULT CHARSET=utf8mb3 COLLATE=utf8mb3_bin COMMENT='Recently accessed tables';

--
-- 傾印資料表的資料 `pma__recent`
--

INSERT INTO `pma__recent` (`username`, `tables`) VALUES
('root', '[{\"db\":\"food\",\"table\":\"carts\"},{\"db\":\"food\",\"table\":\"recipes\"}]');

-- --------------------------------------------------------

--
-- 資料表結構 `pma__relation`
--

CREATE TABLE `pma__relation` (
  `master_db` varchar(64) CHARACTER SET utf8mb3 COLLATE utf8mb3_bin NOT NULL DEFAULT '',
  `master_table` varchar(64) CHARACTER SET utf8mb3 COLLATE utf8mb3_bin NOT NULL DEFAULT '',
  `master_field` varchar(64) CHARACTER SET utf8mb3 COLLATE utf8mb3_bin NOT NULL DEFAULT '',
  `foreign_db` varchar(64) CHARACTER SET utf8mb3 COLLATE utf8mb3_bin NOT NULL DEFAULT '',
  `foreign_table` varchar(64) CHARACTER SET utf8mb3 COLLATE utf8mb3_bin NOT NULL DEFAULT '',
  `foreign_field` varchar(64) CHARACTER SET utf8mb3 COLLATE utf8mb3_bin NOT NULL DEFAULT ''
) ENGINE=InnoDB DEFAULT CHARSET=utf8mb3 COLLATE=utf8mb3_bin COMMENT='Relation table';

-- --------------------------------------------------------

--
-- 資料表結構 `pma__savedsearches`
--

CREATE TABLE `pma__savedsearches` (
  `id` int UNSIGNED NOT NULL,
  `username` varchar(64) CHARACTER SET utf8mb3 COLLATE utf8mb3_bin NOT NULL DEFAULT '',
  `db_name` varchar(64) CHARACTER SET utf8mb3 COLLATE utf8mb3_bin NOT NULL DEFAULT '',
  `search_name` varchar(64) CHARACTER SET utf8mb3 COLLATE utf8mb3_bin NOT NULL DEFAULT '',
  `search_data` text CHARACTER SET utf8mb3 COLLATE utf8mb3_bin NOT NULL
) ENGINE=InnoDB DEFAULT CHARSET=utf8mb3 COLLATE=utf8mb3_bin COMMENT='Saved searches';

-- --------------------------------------------------------

--
-- 資料表結構 `pma__table_coords`
--

CREATE TABLE `pma__table_coords` (
  `db_name` varchar(64) CHARACTER SET utf8mb3 COLLATE utf8mb3_bin NOT NULL DEFAULT '',
  `table_name` varchar(64) CHARACTER SET utf8mb3 COLLATE utf8mb3_bin NOT NULL DEFAULT '',
  `pdf_page_number` int NOT NULL DEFAULT '0',
  `x` float UNSIGNED NOT NULL DEFAULT '0',
  `y` float UNSIGNED NOT NULL DEFAULT '0'
) ENGINE=InnoDB DEFAULT CHARSET=utf8mb3 COLLATE=utf8mb3_bin COMMENT='Table coordinates for phpMyAdmin PDF output';

-- --------------------------------------------------------

--
-- 資料表結構 `pma__table_info`
--

CREATE TABLE `pma__table_info` (
  `db_name` varchar(64) CHARACTER SET utf8mb3 COLLATE utf8mb3_bin NOT NULL DEFAULT '',
  `table_name` varchar(64) CHARACTER SET utf8mb3 COLLATE utf8mb3_bin NOT NULL DEFAULT '',
  `display_field` varchar(64) CHARACTER SET utf8mb3 COLLATE utf8mb3_bin NOT NULL DEFAULT ''
) ENGINE=InnoDB DEFAULT CHARSET=utf8mb3 COLLATE=utf8mb3_bin COMMENT='Table information for phpMyAdmin';

-- --------------------------------------------------------

--
-- 資料表結構 `pma__table_uiprefs`
--

CREATE TABLE `pma__table_uiprefs` (
  `username` varchar(64) CHARACTER SET utf8mb3 COLLATE utf8mb3_bin NOT NULL,
  `db_name` varchar(64) CHARACTER SET utf8mb3 COLLATE utf8mb3_bin NOT NULL,
  `table_name` varchar(64) CHARACTER SET utf8mb3 COLLATE utf8mb3_bin NOT NULL,
  `prefs` text CHARACTER SET utf8mb3 COLLATE utf8mb3_bin NOT NULL,
  `last_update` timestamp NOT NULL DEFAULT CURRENT_TIMESTAMP ON UPDATE CURRENT_TIMESTAMP
) ENGINE=InnoDB DEFAULT CHARSET=utf8mb3 COLLATE=utf8mb3_bin COMMENT='Tables'' UI preferences';

-- --------------------------------------------------------

--
-- 資料表結構 `pma__tracking`
--

CREATE TABLE `pma__tracking` (
  `db_name` varchar(64) CHARACTER SET utf8mb3 COLLATE utf8mb3_bin NOT NULL,
  `table_name` varchar(64) CHARACTER SET utf8mb3 COLLATE utf8mb3_bin NOT NULL,
  `version` int UNSIGNED NOT NULL,
  `date_created` datetime NOT NULL,
  `date_updated` datetime NOT NULL,
  `schema_snapshot` text CHARACTER SET utf8mb3 COLLATE utf8mb3_bin NOT NULL,
  `schema_sql` text CHARACTER SET utf8mb3 COLLATE utf8mb3_bin,
  `data_sql` longtext CHARACTER SET utf8mb3 COLLATE utf8mb3_bin,
  `tracking` set('UPDATE','REPLACE','INSERT','DELETE','TRUNCATE','CREATE DATABASE','ALTER DATABASE','DROP DATABASE','CREATE TABLE','ALTER TABLE','RENAME TABLE','DROP TABLE','CREATE INDEX','DROP INDEX','CREATE VIEW','ALTER VIEW','DROP VIEW') CHARACTER SET utf8mb3 COLLATE utf8mb3_bin DEFAULT NULL,
  `tracking_active` int UNSIGNED NOT NULL DEFAULT '1'
) ENGINE=InnoDB DEFAULT CHARSET=utf8mb3 COLLATE=utf8mb3_bin COMMENT='Database changes tracking for phpMyAdmin';

-- --------------------------------------------------------

--
-- 資料表結構 `pma__userconfig`
--

CREATE TABLE `pma__userconfig` (
  `username` varchar(64) CHARACTER SET utf8mb3 COLLATE utf8mb3_bin NOT NULL,
  `timevalue` timestamp NOT NULL DEFAULT CURRENT_TIMESTAMP ON UPDATE CURRENT_TIMESTAMP,
  `config_data` text CHARACTER SET utf8mb3 COLLATE utf8mb3_bin NOT NULL
) ENGINE=InnoDB DEFAULT CHARSET=utf8mb3 COLLATE=utf8mb3_bin COMMENT='User preferences storage for phpMyAdmin';

--
-- 傾印資料表的資料 `pma__userconfig`
--

INSERT INTO `pma__userconfig` (`username`, `timevalue`, `config_data`) VALUES
('root', '2025-03-06 14:40:50', '{\"Console\\/Mode\":\"collapse\",\"lang\":\"zh_TW\"}');

-- --------------------------------------------------------

--
-- 資料表結構 `pma__usergroups`
--

CREATE TABLE `pma__usergroups` (
  `usergroup` varchar(64) CHARACTER SET utf8mb3 COLLATE utf8mb3_bin NOT NULL,
  `tab` varchar(64) CHARACTER SET utf8mb3 COLLATE utf8mb3_bin NOT NULL,
  `allowed` enum('Y','N') CHARACTER SET utf8mb3 COLLATE utf8mb3_bin NOT NULL DEFAULT 'N'
) ENGINE=InnoDB DEFAULT CHARSET=utf8mb3 COLLATE=utf8mb3_bin COMMENT='User groups with configured menu items';

-- --------------------------------------------------------

--
-- 資料表結構 `pma__users`
--

CREATE TABLE `pma__users` (
  `username` varchar(64) CHARACTER SET utf8mb3 COLLATE utf8mb3_bin NOT NULL,
  `usergroup` varchar(64) CHARACTER SET utf8mb3 COLLATE utf8mb3_bin NOT NULL
) ENGINE=InnoDB DEFAULT CHARSET=utf8mb3 COLLATE=utf8mb3_bin COMMENT='Users and their assignments to user groups';

-- --------------------------------------------------------

--
-- 資料表結構 `product_favorites`
--

CREATE TABLE `product_favorites` (
  `id` int NOT NULL,
  `user_id` int NOT NULL,
  `product_id` bigint UNSIGNED NOT NULL,
  `created_at` datetime DEFAULT CURRENT_TIMESTAMP
) ENGINE=InnoDB DEFAULT CHARSET=utf8mb4 COLLATE=utf8mb4_0900_ai_ci;

--
-- 傾印資料表的資料 `product_favorites`
--

INSERT INTO `product_favorites` (`id`, `user_id`, `product_id`, `created_at`) VALUES
(1, 67, 1002, '2025-05-30 16:07:40'),
(2, 67, 1003, '2025-05-30 16:07:41'),
(3, 67, 1004, '2025-05-30 16:07:42'),
(4, 67, 1007, '2025-05-30 16:07:42'),
(5, 67, 1006, '2025-05-30 16:07:43');

-- --------------------------------------------------------

--
-- 資料表結構 `product_reviews`
--

CREATE TABLE `product_reviews` (
  `review_id` int NOT NULL,
  `product_id` int NOT NULL,
  `user_id` int DEFAULT NULL,
  `rating` tinyint NOT NULL,
  `review_text` text CHARACTER SET utf8mb4 COLLATE utf8mb4_general_ci NOT NULL,
  `review_date` timestamp NULL DEFAULT CURRENT_TIMESTAMP
) ENGINE=InnoDB DEFAULT CHARSET=utf8mb4 COLLATE=utf8mb4_0900_ai_ci;

--
-- 傾印資料表的資料 `product_reviews`
--

INSERT INTO `product_reviews` (`review_id`, `product_id`, `user_id`, `rating`, `review_text`, `review_date`) VALUES
(1, 1001, 27, 2, 'CP值很高，推薦給大家！', '2025-02-24 06:19:44'),
(2, 1001, 15, 3, '味道不錯，但價格稍微貴了一點。', '2025-02-24 06:19:44'),
(3, 1001, 3, 4, '品質普通，沒有預期的好。', '2025-02-24 06:19:44'),
(4, 1002, 37, 3, '這個產品真的很不錯，會再回購！', '2025-02-24 06:19:44'),
(5, 1002, 21, 1, '味道不錯，但價格稍微貴了一點。', '2025-02-24 06:19:44'),
(6, 1003, 46, 3, '不推薦，感覺和描述不太符合。', '2025-02-24 06:19:44'),
(7, 1003, 12, 1, 'CP值很高，推薦給大家！', '2025-02-24 06:19:44'),
(8, 1003, 26, 1, '這款商品非常符合我的需求，很滿意！', '2025-02-24 06:19:44'),
(9, 1004, 19, 1, '買來試試，覺得還可以。', '2025-02-24 06:19:44'),
(10, 1004, 38, 2, '品質普通，沒有預期的好。', '2025-02-24 06:19:44'),
(11, 1004, 43, 4, '味道不錯，但價格稍微貴了一點。', '2025-02-24 06:19:44'),
(12, 1005, 35, 2, '不推薦，感覺和描述不太符合。', '2025-02-24 06:19:44'),
(13, 1005, 5, 5, '這個產品真的很不錯，會再回購！', '2025-02-24 06:19:44'),
(14, 1006, 24, 5, '物流速度很快，包裝也很精美。', '2025-02-24 06:19:44'),
(15, 1006, 6, 2, 'CP值很高，推薦給大家！', '2025-02-24 06:19:44'),
(16, 1007, 31, 2, '這款商品非常符合我的需求，很滿意！', '2025-02-24 06:19:44'),
(17, 1007, 12, 3, '品質普通，沒有預期的好。', '2025-02-24 06:19:44'),
(18, 1008, 44, 5, '買來試試，覺得還可以。', '2025-02-24 06:19:44'),
(19, 1008, 22, 1, '不推薦，感覺和描述不太符合。', '2025-02-24 06:19:44'),
(20, 1009, 33, 3, '買來試試，覺得還可以。', '2025-02-24 06:19:44'),
(21, 1009, 7, 2, '品質普通，沒有預期的好。', '2025-02-24 06:19:44'),
(22, 1009, 42, 1, '買來試試，覺得還可以。', '2025-02-24 06:19:44'),
(23, 1010, 28, 1, '不推薦，感覺和描述不太符合。', '2025-02-24 06:19:44'),
(24, 1010, 14, 2, '買來試試，覺得還可以。', '2025-02-24 06:19:44'),
(25, 1010, 5, 1, '味道不錯，但價格稍微貴了一點。', '2025-02-24 06:19:44'),
(26, 1011, 29, 1, '這款商品非常符合我的需求，很滿意！', '2025-02-24 06:19:44'),
(27, 1011, 42, 5, '不推薦，感覺和描述不太符合。', '2025-02-24 06:19:44'),
(28, 1012, 17, 3, '物流速度很快，包裝也很精美。', '2025-02-24 06:19:44'),
(29, 1012, 25, 5, '買來試試，覺得還可以。', '2025-02-24 06:19:44'),
(30, 1012, 43, 2, '味道不錯，但價格稍微貴了一點。', '2025-02-24 06:19:44'),
(31, 1013, 26, 2, '品質普通，沒有預期的好。', '2025-02-24 06:19:44'),
(32, 1013, 35, 3, '不推薦，感覺和描述不太符合。', '2025-02-24 06:19:44'),
(33, 1014, 24, 3, '這款商品非常符合我的需求，很滿意！', '2025-02-24 06:19:44'),
(34, 1014, 12, 3, 'CP值很高，推薦給大家！', '2025-02-24 06:19:44'),
(35, 1015, 9, 4, '這款商品非常符合我的需求，很滿意！', '2025-02-24 06:19:44'),
(36, 1015, 38, 2, '這款商品非常符合我的需求，很滿意！', '2025-02-24 06:19:44'),
(37, 1016, 45, 5, '不推薦，感覺和描述不太符合。', '2025-02-24 06:19:44'),
(38, 1016, 32, 1, '物流速度很快，包裝也很精美。', '2025-02-24 06:19:44'),
(39, 1016, 42, 3, '這個產品真的很不錯，會再回購！', '2025-02-24 06:19:44'),
(40, 1017, 36, 2, '這款商品非常符合我的需求，很滿意！', '2025-02-24 06:19:44'),
(41, 1017, 10, 4, '這個產品真的很不錯，會再回購！', '2025-02-24 06:19:44'),
(42, 1017, 46, 1, '味道不錯，但價格稍微貴了一點。', '2025-02-24 06:19:44'),
(43, 1018, 15, 2, 'CP值很高，推薦給大家！', '2025-02-24 06:19:44'),
(44, 1018, 39, 2, '物流速度很快，包裝也很精美。', '2025-02-24 06:19:44'),
(45, 1018, 38, 4, '物流速度很快，包裝也很精美。', '2025-02-24 06:19:44'),
(46, 1019, 21, 5, 'CP值很高，推薦給大家！', '2025-02-24 06:19:44'),
(47, 1019, 31, 1, '買來試試，覺得還可以。', '2025-02-24 06:19:44'),
(48, 1020, 11, 1, '物流速度很快，包裝也很精美。', '2025-02-24 06:19:44'),
(49, 1020, 3, 1, '物流速度很快，包裝也很精美。', '2025-02-24 06:19:44'),
(50, 1021, 40, 4, '品質普通，沒有預期的好。', '2025-02-24 06:19:44'),
(51, 1021, 34, 5, '品質普通，沒有預期的好。', '2025-02-24 06:19:44'),
(52, 1021, 14, 3, 'CP值很高，推薦給大家！', '2025-02-24 06:19:44'),
(53, 1022, 24, 5, '買來試試，覺得還可以。', '2025-02-24 06:19:44'),
(54, 1022, 7, 5, 'CP值很高，推薦給大家！', '2025-02-24 06:19:44'),
(55, 1022, 29, 3, '品質普通，沒有預期的好。', '2025-02-24 06:19:44'),
(56, 1023, 21, 3, '不推薦，感覺和描述不太符合。', '2025-02-24 06:19:44'),
(57, 1023, 8, 1, 'CP值很高，推薦給大家！', '2025-02-24 06:19:44'),
(58, 1023, 36, 3, '買來試試，覺得還可以。', '2025-02-24 06:19:44'),
(59, 1024, 18, 3, '味道不錯，但價格稍微貴了一點。', '2025-02-24 06:19:44'),
(60, 1024, 32, 5, '不推薦，感覺和描述不太符合。', '2025-02-24 06:19:44'),
(61, 1024, 13, 3, '味道不錯，但價格稍微貴了一點。', '2025-02-24 06:19:44'),
(62, 1025, 28, 4, '品質普通，沒有預期的好。', '2025-02-24 06:19:44'),
(63, 1025, 16, 4, '物流速度很快，包裝也很精美。', '2025-02-24 06:19:44'),
(64, 1026, 42, 2, 'CP值很高，推薦給大家！', '2025-02-24 06:19:44'),
(65, 1026, 47, 5, '買來試試，覺得還可以。', '2025-02-24 06:19:44'),
(66, 1026, 6, 1, '味道不錯，但價格稍微貴了一點。', '2025-02-24 06:19:44'),
(67, 1027, 39, 2, '物流速度很快，包裝也很精美。', '2025-02-24 06:19:44'),
(68, 1027, 14, 1, '味道不錯，但價格稍微貴了一點。', '2025-02-24 06:19:44'),
(69, 1027, 10, 2, '味道不錯，但價格稍微貴了一點。', '2025-02-24 06:19:44'),
(70, 1028, 2, 3, 'CP值很高，推薦給大家！', '2025-02-24 06:19:44'),
(71, 1028, 17, 4, 'CP值很高，推薦給大家！', '2025-02-24 06:19:44'),
(72, 1028, 23, 4, '這個產品真的很不錯，會再回購！', '2025-02-24 06:19:44'),
(73, 1029, 41, 5, '買來試試，覺得還可以。', '2025-02-24 06:19:44'),
(74, 1029, 37, 5, '物流速度很快，包裝也很精美。', '2025-02-24 06:19:44'),
(75, 1029, 25, 2, '味道不錯，但價格稍微貴了一點。', '2025-02-24 06:19:44'),
(76, 1030, 44, 1, '物流速度很快，包裝也很精美。', '2025-02-24 06:19:44'),
(77, 1030, 9, 5, 'CP值很高，推薦給大家！', '2025-02-24 06:19:44'),
(78, 1030, 35, 3, '這個產品真的很不錯，會再回購！', '2025-02-24 06:19:44'),
(79, 1031, 24, 4, 'CP值很高，推薦給大家！', '2025-02-24 06:19:44'),
(80, 1031, 30, 2, 'CP值很高，推薦給大家！', '2025-02-24 06:19:44'),
(81, 1032, 12, 4, '買來試試，覺得還可以。', '2025-02-24 06:19:44'),
(82, 1032, 16, 4, 'CP值很高，推薦給大家！', '2025-02-24 06:19:44'),
(83, 1033, 4, 4, '味道不錯，但價格稍微貴了一點。', '2025-02-24 06:19:44'),
(84, 1033, 22, 5, '物流速度很快，包裝也很精美。', '2025-02-24 06:19:44'),
(85, 1034, 24, 3, '不推薦，感覺和描述不太符合。', '2025-02-24 06:19:44'),
(86, 1034, 33, 3, '味道不錯，但價格稍微貴了一點。', '2025-02-24 06:19:44'),
(87, 1035, 49, 2, '這個產品真的很不錯，會再回購！', '2025-02-24 06:19:44'),
(88, 1035, 14, 1, '不推薦，感覺和描述不太符合。', '2025-02-24 06:19:44'),
(89, 1036, 17, 2, '這個產品真的很不錯，會再回購！', '2025-02-24 06:19:44'),
(90, 1036, 18, 1, '買來試試，覺得還可以。', '2025-02-24 06:19:44'),
(91, 1037, 22, 2, 'CP值很高，推薦給大家！', '2025-02-24 06:19:44'),
(92, 1037, 48, 5, '不推薦，感覺和描述不太符合。', '2025-02-24 06:19:44'),
(93, 1037, 19, 4, '味道不錯，但價格稍微貴了一點。', '2025-02-24 06:19:44'),
(94, 1038, 29, 1, '不推薦，感覺和描述不太符合。', '2025-02-24 06:19:44'),
(95, 1038, 19, 3, '品質普通，沒有預期的好。', '2025-02-24 06:19:44'),
(96, 1039, 26, 4, '味道不錯，但價格稍微貴了一點。', '2025-02-24 06:19:44'),
(97, 1039, 41, 5, '這個產品真的很不錯，會再回購！', '2025-02-24 06:19:44'),
(98, 1040, 21, 1, '品質普通，沒有預期的好。', '2025-02-24 06:19:44'),
(99, 1040, 28, 2, '這個產品真的很不錯，會再回購！', '2025-02-24 06:19:44'),
(100, 1041, 11, 2, 'CP值很高，推薦給大家！', '2025-02-24 06:19:44'),
(101, 1041, 37, 1, 'CP值很高，推薦給大家！', '2025-02-24 06:19:44'),
(102, 1041, 43, 2, '物流速度很快，包裝也很精美。', '2025-02-24 06:19:44'),
(103, 1042, 50, 4, '這款商品非常符合我的需求，很滿意！', '2025-02-24 06:19:44'),
(104, 1042, 24, 3, '品質普通，沒有預期的好。', '2025-02-24 06:19:44'),
(105, 1042, 45, 5, '味道不錯，但價格稍微貴了一點。', '2025-02-24 06:19:44'),
(106, 1043, 7, 3, '味道不錯，但價格稍微貴了一點。', '2025-02-24 06:19:44'),
(107, 1043, 36, 1, '味道不錯，但價格稍微貴了一點。', '2025-02-24 06:19:44'),
(108, 1043, 10, 3, '買來試試，覺得還可以。', '2025-02-24 06:19:44'),
(109, 1044, 46, 4, '這個產品真的很不錯，會再回購！', '2025-02-24 06:19:44'),
(110, 1044, 15, 4, 'CP值很高，推薦給大家！', '2025-02-24 06:19:44'),
(111, 1044, 38, 2, '味道不錯，但價格稍微貴了一點。', '2025-02-24 06:19:44'),
(112, 1045, 16, 1, '這個產品真的很不錯，會再回購！', '2025-02-24 06:19:44'),
(113, 1045, 26, 5, '品質普通，沒有預期的好。', '2025-02-24 06:19:44'),
(114, 1046, 7, 1, '這個產品真的很不錯，會再回購！', '2025-02-24 06:19:44'),
(115, 1046, 35, 5, '這款商品非常符合我的需求，很滿意！', '2025-02-24 06:19:44'),
(116, 1047, 34, 4, '這個產品真的很不錯，會再回購！', '2025-02-24 06:19:44'),
(117, 1047, 16, 1, '物流速度很快，包裝也很精美。', '2025-02-24 06:19:44'),
(118, 1047, 7, 5, '這個產品真的很不錯，會再回購！', '2025-02-24 06:19:44'),
(119, 1048, 24, 5, '不推薦，感覺和描述不太符合。', '2025-02-24 06:19:44'),
(120, 1048, 32, 5, '不推薦，感覺和描述不太符合。', '2025-02-24 06:19:44'),
(121, 1048, 5, 1, '味道不錯，但價格稍微貴了一點。', '2025-02-24 06:19:44'),
(122, 1049, 27, 3, '買來試試，覺得還可以。', '2025-02-24 06:19:44'),
(123, 1049, 16, 3, '味道不錯，但價格稍微貴了一點。', '2025-02-24 06:19:44'),
(124, 1050, 22, 5, '這款商品非常符合我的需求，很滿意！', '2025-02-24 06:19:44'),
(125, 1050, 6, 5, '不推薦，感覺和描述不太符合。', '2025-02-24 06:19:44'),
(126, 1051, 21, 5, '不推薦，感覺和描述不太符合。', '2025-02-24 06:19:44'),
(127, 1051, 46, 4, '這個產品真的很不錯，會再回購！', '2025-02-24 06:19:44'),
(128, 1051, 21, 2, 'CP值很高，推薦給大家！', '2025-02-24 06:19:44'),
(129, 1052, 30, 2, '物流速度很快，包裝也很精美。', '2025-02-24 06:19:44'),
(130, 1052, 18, 3, '不推薦，感覺和描述不太符合。', '2025-02-24 06:19:44'),
(131, 1053, 11, 2, '品質普通，沒有預期的好。', '2025-02-24 06:19:44'),
(132, 1053, 39, 5, '不推薦，感覺和描述不太符合。', '2025-02-24 06:19:44'),
(133, 1053, 26, 4, '品質普通，沒有預期的好。', '2025-02-24 06:19:44'),
(134, 1054, 3, 4, '物流速度很快，包裝也很精美。', '2025-02-24 06:19:44'),
(135, 1054, 15, 1, '物流速度很快，包裝也很精美。', '2025-02-24 06:19:44'),
(136, 1055, 38, 3, '品質普通，沒有預期的好。', '2025-02-24 06:19:44'),
(137, 1055, 48, 1, '品質普通，沒有預期的好。', '2025-02-24 06:19:44'),
(138, 1055, 44, 2, '這個產品真的很不錯，會再回購！', '2025-02-24 06:19:44'),
(139, 1056, 9, 5, '味道不錯，但價格稍微貴了一點。', '2025-02-24 06:19:44'),
(140, 1056, 42, 4, '不推薦，感覺和描述不太符合。', '2025-02-24 06:19:44'),
(141, 1057, 10, 2, '味道不錯，但價格稍微貴了一點。', '2025-02-24 06:19:44'),
(142, 1057, 20, 5, '這款商品非常符合我的需求，很滿意！', '2025-02-24 06:19:44'),
(143, 1057, 14, 3, '味道不錯，但價格稍微貴了一點。', '2025-02-24 06:19:44'),
(144, 1058, 8, 3, '買來試試，覺得還可以。', '2025-02-24 06:19:44'),
(145, 1058, 25, 5, '品質普通，沒有預期的好。', '2025-02-24 06:19:44'),
(146, 1059, 36, 3, '味道不錯，但價格稍微貴了一點。', '2025-02-24 06:19:44'),
(147, 1059, 30, 2, '這個產品真的很不錯，會再回購！', '2025-02-24 06:19:44'),
(148, 1059, 26, 3, '這款商品非常符合我的需求，很滿意！', '2025-02-24 06:19:44'),
(149, 1060, 4, 3, '不推薦，感覺和描述不太符合。', '2025-02-24 06:19:44'),
(150, 1060, 17, 4, '味道不錯，但價格稍微貴了一點。', '2025-02-24 06:19:44'),
(151, 1060, 40, 3, '品質普通，沒有預期的好。', '2025-02-24 06:19:44'),
(152, 1061, 5, 5, '不推薦，感覆和描述不太符合。', '2025-02-24 06:19:44'),
(153, 1061, 34, 3, '品質普通，沒有預期的好。', '2025-02-24 06:19:44'),
(154, 1062, 20, 2, '這款商品非常符合我的需求，很滿意！', '2025-02-24 06:19:44'),
(155, 1062, 47, 4, '買來試試，覺得還可以。', '2025-02-24 06:19:44'),
(156, 1062, 26, 5, '物流速度很快，包裝也很精美。', '2025-02-24 06:19:44'),
(157, 1063, 11, 4, '品質普通，沒有預期的好。', '2025-02-24 06:19:44'),
(158, 1063, 24, 4, '這款商品非常符合我的需求，很滿意！', '2025-02-24 06:19:44'),
(159, 1064, 45, 4, '這款商品非常符合我的需求，很滿意！', '2025-02-24 06:19:44'),
(160, 1064, 32, 3, '物流速度很快，包裝也很精美。', '2025-02-24 06:19:44'),
(161, 1064, 8, 3, '不推薦，感覺和描述不太符合。', '2025-02-24 06:19:44');

-- --------------------------------------------------------

--
-- 資料表結構 `qanda`
--

CREATE TABLE `qanda` (
  `id` int NOT NULL,
  `question` varchar(500) CHARACTER SET utf8mb4 COLLATE utf8mb4_general_ci DEFAULT NULL,
  `answer` text CHARACTER SET utf8mb4 COLLATE utf8mb4_general_ci,
  `qanda_category` varchar(50) CHARACTER SET utf8mb4 COLLATE utf8mb4_general_ci DEFAULT NULL,
  `created_at` timestamp NULL DEFAULT CURRENT_TIMESTAMP
) ENGINE=InnoDB DEFAULT CHARSET=utf8mb4 COLLATE=utf8mb4_general_ci;

--
-- 傾印資料表的資料 `qanda`
--

INSERT INTO `qanda` (`id`, `question`, `answer`, `qanda_category`, `created_at`) VALUES
(1, '如何搜尋特定食譜？', '您可以使用網站上的搜尋功能，輸入食材或料理名稱來找到相關食譜。', '食譜相關', '2025-02-25 04:00:00'),
(2, '食譜是否有提供詳細的步驟和份量？', '是的，每個食譜都有詳細的步驟、所需食材和份量標示，讓您輕鬆烹飪。', '食譜相關', '2025-02-25 04:00:00'),
(3, '能否提供替代食材建議？', '部分食譜會提供替代食材建議，您也可以在評論區詢問，我們會盡量回覆您的問題。', '食譜相關', '2025-02-25 04:00:00'),
(4, '如何下單？', '您可以瀏覽商城，選擇商品加入購物車，結帳時填寫收件資訊並完成付款。', '商城相關', '2025-02-25 04:00:00'),
(5, '有哪些付款方式？', '我們支援信用卡、行動支付（如 Apple Pay、Google Pay）、ATM 轉帳等方式。', '商城相關', '2025-02-25 04:00:00'),
(6, '訂單多久會出貨？', '一般會在付款完成後 1-3 個工作天內出貨，實際時間可能因商品類型或物流狀況而異。', '商城相關', '2025-02-25 04:00:00'),
(7, '如何查詢訂單狀態？', '您可以登入會員中心，進入「訂單查詢」查看最新訂單狀態。', '商城相關', '2025-02-25 04:00:00'),
(8, '是否提供海外配送？', '目前我們的配送範圍僅限 [特定國家/地區]，若您有海外配送需求，請聯繫客服。', '商城相關', '2025-02-25 04:00:00'),
(9, '收到商品有問題怎麼辦？', '若商品有損壞或與訂單不符，請在收到商品後 7 天內聯繫客服，我們會協助您處理退換貨事宜。', '退換貨與客服', '2025-02-25 04:00:00'),
(10, '如何聯繫客服？', '您可以透過 [Email/Line/網站客服系統] 聯繫我們，服務時間為 [工作日時間]。', '退換貨與客服', '2025-02-25 04:00:00'),
(11, 'AAA', 'AAA', '食譜相關', '2025-03-10 06:27:22');

-- --------------------------------------------------------

--
-- 資料表結構 `recipes`
--

CREATE TABLE `recipes` (
  `id` bigint UNSIGNED NOT NULL,
  `title` varchar(255) CHARACTER SET utf8mb4 COLLATE utf8mb4_0900_ai_ci DEFAULT NULL,
  `description` text,
  `cook_time` int DEFAULT NULL,
  `servings` int DEFAULT NULL,
  `created_at` timestamp NULL DEFAULT CURRENT_TIMESTAMP ON UPDATE CURRENT_TIMESTAMP,
  `updated_at` timestamp NULL DEFAULT NULL,
  `user_id` int DEFAULT NULL,
  `view_count` int DEFAULT '0',
  `like_count` int DEFAULT '0',
  `status` varchar(20) DEFAULT NULL,
  `image` varchar(255) DEFAULT NULL
) ENGINE=InnoDB DEFAULT CHARSET=utf8mb4 COLLATE=utf8mb4_0900_ai_ci;

--
-- 傾印資料表的資料 `recipes`
--

INSERT INTO `recipes` (`id`, `title`, `description`, `cook_time`, `servings`, `created_at`, `updated_at`, `user_id`, `view_count`, `like_count`, `status`, `image`) VALUES
(1, '蒜香奶油義大利麵', '濃郁奶油醬汁搭配大蒜香氣的經典義大利麵料理，簡單又美味。', 15, 2, '2025-04-24 12:36:45', '2025-03-09 07:12:01', 3, 1250, 328, 'active', '/images/recipes-img/recipe-01.webp'),
(2, '泰式酸辣湯', '道地的泰國風味酸辣湯，搭配新鮮香料與海鮮，酸辣開胃。', 30, 4, '2024-01-15 05:42:55', '2024-01-20 02:15:33', 5, 3420, 942, '已發布', '/images/recipes-img/recipe-02.webp'),
(3, '日式照燒雞腿', '醬汁濃郁甘甜的日式照燒雞腿，適合搭配白飯食用。', 25, 3, '2024-01-22 10:10:44', '2024-01-30 01:08:27', 2, 2845, 765, '已發布', '/images/recipes-img/recipe-03.webp'),
(4, '法式松露蘑菇湯', '高雅精緻的法式蘑菇湯，加入松露增添香氣與風味。', 40, 4, '2024-02-05 03:28:39', '2024-02-10 08:33:42', 7, 1536, 452, '已發布', '/images/recipes-img/recipe-04.webp'),
(5, '韓式辣醬炒年糕', '韓國經典的辣炒年糕，香辣可口，簡單易做。', 20, 2, '2024-01-18 06:52:37', '2024-01-25 09:40:21', 4, 4753, 1245, '已發布', '/images/recipes-img/recipe-05.webp'),
(6, '中式麻婆豆腐', '道地四川麻婆豆腐，麻辣鮮香，下飯首選。', 25, 4, '2024-02-08 01:27:18', '2024-02-15 05:44:56', 8, 2156, 687, '已發布', '/images/recipes-img/recipe-06.webp'),
(7, '墨西哥塔可餅', '酥脆外皮搭配豐富的牛肉餡料與新鮮蔬菜，風味十足。', 30, 6, '2024-01-25 07:36:44', '2024-02-01 04:22:38', 6, 3542, 1024, '已發布', '/images/recipes-img/recipe-07.webp'),
(8, '義式焗烤茄子', '茄子與番茄醬的完美結合，口感豐富且營養均衡。', 35, 4, '2024-02-10 02:15:27', '2024-02-18 01:48:33', 5, 1876, 534, '已發布', '/images/recipes-img/recipe-08.webp'),
(9, '檸檬香草烤鮭魚', '清新檸檬與香草調味的烤鮭魚，健康美味。', 20, 2, '2024-01-12 08:43:22', '2024-01-20 03:37:45', 3, 2453, 876, '已發布', '/images/recipes-img/recipe-09.webp'),
(10, '蘋果肉桂派', '香甜蘋果與肉桂的完美結合，經典美式甜點。', 50, 8, '2024-02-14 05:25:47', '2024-02-20 02:18:39', 9, 4251, 1568, '已發布', '/images/recipes-img/recipe-10.webp'),
(11, '越南河粉', '清爽的湯頭配上嫩滑的牛肉與新鮮香草，經典越南美食。', 40, 4, '2024-01-28 01:48:56', '2024-02-05 06:33:27', 2, 2987, 845, '已發布', '/images/recipes-img/recipe-11.webp'),
(12, '南瓜濃湯', '順滑濃郁的南瓜濃湯，秋冬季節的暖心料理。', 30, 4, '2024-02-18 07:22:43', '2024-02-22 02:45:18', 4, 1564, 421, '已發布', '/images/recipes-img/recipe-12.webp'),
(13, '西班牙海鮮飯', '地中海風情的西班牙海鮮飯，集結各種海鮮的豐富口感。', 45, 6, '2024-01-20 04:33:56', '2024-01-28 07:21:44', 7, 3251, 967, '已發布', '/images/recipes-img/recipe-13.webp'),
(14, '義式提拉米蘇', '經典義大利甜點，咖啡與馬斯卡彭起司的絕佳組合。', 20, 8, '2024-02-15 08:48:32', '2024-02-21 01:54:27', 9, 3824, 1432, '已發布', '/images/recipes-img/recipe-14.webp'),
(15, '印度咖哩雞', '濃郁香料與雞肉的完美結合，道地印度風味。', 35, 4, '2024-01-14 02:56:42', '2024-01-22 05:28:15', 8, 2754, 682, '已發布', '/images/recipes-img/recipe-15.webp'),
(16, '法式可麗餅', '薄而軟的法式可麗餅，可搭配各種甜鹹內餡變化無窮。', 20, 4, '2024-02-12 06:35:27', '2024-02-18 03:23:48', 5, 1876, 574, '已發布', '/images/recipes-img/recipe-16.webp'),
(17, '日式壽司拼盤', '新鮮魚肉與醋飯的完美結合，日本經典美食。', 60, 2, '2024-01-30 01:28:45', '2024-02-08 08:42:33', 2, 4532, 1687, '已發布', '/images/recipes-img/recipe-17.webp'),
(18, '港式蘿蔔糕', '香煎至金黃的蘿蔔糕，口感外酥內軟，風味獨特。', 40, 6, '2024-02-08 05:54:22', '2024-02-15 02:28:46', 3, 1987, 543, '已發布', '/images/recipes-img/recipe-18.webp'),
(19, '美式漢堡', '多汁的牛肉漢堡排配上新鮮蔬菜與特調醬料，經典美食。', 25, 4, '2024-01-25 07:42:36', '2024-02-01 06:25:18', 6, 3654, 1245, '已發布', '/images/recipes-img/recipe-19.webp'),
(20, '匈牙利紅椒燉牛肉', '香辣紅椒與嫩滑牛肉的燉煮料理，匈牙利國菜。', 90, 6, '2024-02-16 02:15:48', '2024-02-22 05:42:36', 7, 1843, 587, '已發布', '/images/recipes-img/recipe-20.webp'),
(21, '希臘沙拉', '新鮮蔬菜與橄欖、羊奶起司的經典搭配，地中海風味。', 15, 4, '2024-01-18 04:36:54', '2024-01-25 01:18:33', 4, 2356, 765, '已發布', '/images/recipes-img/recipe-21.webp'),
(22, '巧克力熔岩蛋糕', '外酥內軟的巧克力蛋糕，切開後流出濃郁巧克力醬。', 20, 2, '2024-02-14 07:48:27', '2024-02-20 03:25:43', 9, 3854, 1432, '已發布', '/images/recipes-img/recipe-22.webp'),
(23, '日式拉麵', '濃郁豚骨湯頭配上彈牙麵條與嫩滑叉燒，日式風味。', 60, 2, '2024-01-22 01:36:48', '2024-01-30 06:25:37', 2, 5432, 1876, '已發布', '/images/recipes-img/recipe-23.webp'),
(24, '義式焗烤千層麵', '層層疊疊的千層麵，搭配濃郁起司與肉醬。', 45, 8, '2024-02-01 05:28:47', '2024-02-08 02:45:36', 5, 2765, 843, '已發布', '/images/recipes-img/recipe-24.webp'),
(25, '摩洛哥塔吉鍋', '慢燉香料雞肉與蔬菜，摩洛哥傳統料理。', 90, 6, '2024-01-28 06:35:26', '2024-02-05 03:24:38', 8, 1954, 576, '已發布', '/images/recipes-img/recipe-25.webp'),
(26, '法式牛排佐紅酒醬', '鮮嫩多汁的牛排搭配香濃紅酒醬汁，經典法式料理。', 30, 2, '2024-02-10 08:42:35', '2024-02-18 05:27:48', 7, 2543, 876, '已發布', '/images/recipes-img/recipe-26.webp'),
(27, '台式滷肉飯', '香噴噴的滷肉配上白飯，台灣經典小吃。', 60, 4, '2024-01-15 02:28:43', '2024-01-22 07:36:27', 3, 6542, 2345, '已發布', '/images/recipes-img/recipe-27.webp'),
(28, '墨西哥玉米餅沙拉', '新鮮蔬菜與酥脆玉米餅碎片的完美結合，清爽開胃。', 20, 4, '2024-02-05 04:34:26', '2024-02-12 01:48:35', 6, 2135, 654, '已發布', '/images/recipes-img/recipe-28.webp'),
(29, '泰式綠咖哩雞', '香濃椰奶與青辣椒的泰式綠咖哩，風味獨特。', 35, 4, '2024-01-20 01:45:36', '2024-01-28 06:23:47', 4, 3254, 968, '已發布', '/images/recipes-img/recipe-29.webp'),
(30, '義式海鮮燉飯', '香濃奶油與各式海鮮的燉飯，口感綿密風味豐富。', 40, 4, '2024-02-18 05:52:28', '2024-02-23 02:36:45', 5, 1876, 532, '已發布', '/images/recipes-img/recipe-30.webp'),
(31, '韓式泡菜煎餅', '香脆可口的泡菜煎餅，搭配特調醬料風味絕佳。', 25, 4, '2024-01-24 07:36:48', '2024-02-01 04:45:37', 4, 3542, 1243, '已發布', '/images/recipes-img/recipe-31.webp'),
(32, '日式炸豬排', '金黃酥脆的炸豬排，搭配特製醬汁與高麗菜絲。', 30, 2, '2024-02-03 02:25:43', '2024-02-10 08:34:28', 3, 2875, 876, '已發布', '/images/recipes-img/recipe-32.webp'),
(33, '中式蔥油餅', '外酥內軟的蔥油餅，層次分明香氣十足。', 25, 6, '2024-01-18 06:28:36', '2024-01-25 03:36:47', 8, 3265, 985, '已發布', '/images/recipes-img/recipe-33.webp'),
(34, '法式檸檬塔', '酸甜適中的檸檬塔，口感滑順餅皮酥脆。', 40, 8, '2024-02-16 07:42:38', '2024-02-22 01:53:26', 9, 2543, 943, '已發布', '/images/recipes-img/recipe-34.webp'),
(35, '越南春捲', '透明米紙包裹新鮮蔬菜與蝦仁，搭配特調醬料。', 15, 4, '2024-01-28 01:36:45', '2024-02-05 05:25:36', 2, 2356, 754, '已發布', '/images/recipes-img/recipe-35.webp'),
(36, '義式披薩', '薄脆披薩皮配上豐富的起司與配料，經典義大利美食。', 20, 4, '2024-02-12 05:46:28', '2024-02-18 02:35:27', 5, 4563, 1654, '已發布', '/images/recipes-img/recipe-36.webp'),
(37, '德式豬腳', '酥脆表皮與嫩滑肉質的德國傳統料理。', 120, 4, '2024-01-20 06:53:26', '2024-01-28 03:45:37', 7, 1986, 576, '已發布', '/images/recipes-img/recipe-37.webp'),
(38, '紐約起司蛋糕', '綿密細緻的起司蛋糕，層次豐富口感獨特。', 60, 12, '2024-02-01 08:35:48', '2024-02-08 05:24:36', 9, 3654, 1432, '已發布', '/images/recipes-img/recipe-38.webp'),
(39, '日式親子丼', '雞肉與蛋的完美結合，淋上特調醬汁搭配白飯。', 20, 2, '2024-01-15 01:48:36', '2024-01-22 06:35:26', 2, 2987, 876, '已發布', '/images/recipes-img/recipe-39.webp'),
(40, '法式洋蔥湯', '細火熬煮的洋蔥湯配上起司吐司，經典法式料理。', 45, 4, '2024-02-08 04:35:46', '2024-02-15 01:28:37', 8, 1876, 543, '已發布', '/images/recipes-img/recipe-40.webp'),
(41, '印尼炒飯', '辣香四溢的印尼炒飯，搭配多種香料與配料。', 25, 2, '2024-01-24 02:25:37', '2024-02-01 07:43:28', 4, 3254, 978, '已發布', '/images/recipes-img/recipe-41.webp'),
(42, '墨西哥辣椒豆湯', '濃郁香辣的豆湯，墨西哥傳統料理。', 40, 6, '2024-02-15 06:36:27', '2024-02-20 03:25:38', 6, 1987, 654, '已發布', '/images/recipes-img/recipe-42.webp'),
(43, '英式炸魚薯條', '外酥內嫩的炸魚配上金黃酥脆的薯條，英國國民美食。', 30, 2, '2024-01-27 08:28:45', '2024-02-03 02:35:26', 3, 2567, 765, '已發布', '/images/recipes-img/recipe-43.webp'),
(44, '日式抹茶慕斯', '細緻滑順的抹茶慕斯，日式甜點的經典之作。', 30, 8, '2024-02-14 01:36:47', '2024-02-20 05:28:36', 9, 2134, 876, '已發布', '/images/recipes-img/recipe-44.webp'),
(45, '韓式辣豆腐鍋', '麻辣鮮香的豆腐鍋，搭配多種海鮮與蔬菜。', 35, 4, '2024-01-18 05:25:47', '2024-01-25 02:36:28', 4, 3576, 1243, '已發布', '/images/recipes-img/recipe-45.webp'),
(46, '義式奶油蘑菇義大利麵', '濃郁奶油醬汁搭配新鮮蘑菇的經典義大利麵。', 25, 2, '2024-02-05 07:42:36', '2024-02-12 03:28:37', 5, 2345, 765, '已發布', '/images/recipes-img/recipe-46.webp'),
(47, '法式舒芙蕾', '輕盈蓬鬆的舒芙蕾，外酥內軟入口即化。', 25, 2, '2024-01-30 06:36:28', '2024-02-05 01:25:37', 9, 1987, 654, '已發布', '/images/recipes-img/recipe-47.webp'),
(48, '墨西哥辣味捲餅', '香辣牛肉與豆泥捲餅，墨西哥經典街頭美食。', 20, 4, '2024-02-12 01:25:38', '2024-02-18 06:36:27', 6, 3254, 987, '已發布', '/images/recipes-img/recipe-48.webp'),
(49, '希臘烤羊肉串', '香嫩多汁的烤羊肉串，搭配特調香料醃製。', 30, 6, '2024-01-22 07:36:47', '2024-01-30 02:28:36', 7, 2134, 687, '已發布', '/images/recipes-img/recipe-49.webp'),
(50, '比利時鬆餅', '外酥內軟的比利時鬆餅，搭配各種水果與糖漿。', 20, 4, '2024-02-18 02:28:37', '2024-02-22 07:36:48', 9, 2543, 876, '已發布', '/images/recipes-img/recipe-50.webp');

-- --------------------------------------------------------

--
-- 資料表結構 `recipe_category`
--

CREATE TABLE `recipe_category` (
  `recipe_id` bigint UNSIGNED NOT NULL,
  `category_id` int UNSIGNED NOT NULL
) ENGINE=InnoDB DEFAULT CHARSET=utf8mb4 COLLATE=utf8mb4_0900_ai_ci;

--
-- 傾印資料表的資料 `recipe_category`
--

INSERT INTO `recipe_category` (`recipe_id`, `category_id`) VALUES
(3, 1),
(6, 1),
(7, 1),
(9, 1),
(15, 1),
(19, 1),
(20, 1),
(23, 1),
(24, 1),
(25, 1),
(26, 1),
(27, 1),
(29, 1),
(31, 1),
(32, 1),
(37, 1),
(39, 1),
(43, 1),
(45, 1),
(48, 1),
(49, 1),
(51, 1),
(54, 1),
(55, 1),
(58, 1),
(59, 1),
(61, 1),
(68, 1),
(76, 1),
(6, 2),
(8, 2),
(12, 2),
(21, 2),
(28, 2),
(31, 2),
(33, 2),
(35, 2),
(40, 2),
(42, 2),
(45, 2),
(69, 2),
(10, 3),
(14, 3),
(16, 3),
(22, 3),
(34, 3),
(38, 3),
(44, 3),
(47, 3),
(50, 3),
(69, 3),
(3, 4),
(13, 4),
(17, 4),
(27, 4),
(30, 4),
(39, 4),
(41, 4),
(2, 5),
(7, 5),
(11, 5),
(13, 5),
(15, 5),
(20, 5),
(25, 5),
(29, 5),
(35, 5),
(37, 5),
(41, 5),
(42, 5),
(48, 5),
(49, 5),
(9, 6),
(11, 6),
(13, 6),
(17, 6),
(21, 6),
(30, 6),
(35, 6),
(43, 6),
(78, 6),
(10, 7),
(14, 7),
(16, 7),
(18, 7),
(22, 7),
(33, 7),
(34, 7),
(38, 7),
(44, 7),
(47, 7),
(50, 7),
(1, 8),
(11, 8),
(23, 8),
(24, 8),
(36, 8),
(46, 8);

-- --------------------------------------------------------

--
-- 資料表結構 `recipe_country`
--

CREATE TABLE `recipe_country` (
  `recipe_id` int NOT NULL,
  `country_id` int NOT NULL
) ENGINE=InnoDB DEFAULT CHARSET=utf8mb4 COLLATE=utf8mb4_general_ci;

--
-- 傾印資料表的資料 `recipe_country`
--

INSERT INTO `recipe_country` (`recipe_id`, `country_id`) VALUES
(1, 1),
(2, 2),
(3, 3),
(4, 4),
(5, 7),
(6, 5),
(7, 7),
(8, 1),
(9, 7),
(10, 6),
(11, 7),
(12, 7),
(13, 7),
(14, 1),
(15, 7),
(16, 4),
(17, 3),
(18, 5),
(19, 6),
(20, 7),
(21, 7),
(22, 7),
(23, 3),
(24, 1),
(25, 7),
(26, 4),
(27, 5),
(28, 7),
(29, 2),
(30, 1),
(31, 7),
(32, 3),
(33, 5),
(34, 4),
(35, 7),
(36, 1),
(37, 7),
(38, 7),
(39, 3),
(40, 4),
(41, 5),
(42, 7),
(43, 6),
(44, 3),
(45, 7),
(46, 1),
(47, 4),
(48, 7),
(49, 7),
(50, 7);

-- --------------------------------------------------------

--
-- 資料表結構 `recipe_tags`
--

CREATE TABLE `recipe_tags` (
  `recipe_id` int NOT NULL,
  `tag_id` int NOT NULL
) ENGINE=InnoDB DEFAULT CHARSET=utf8mb4 COLLATE=utf8mb4_general_ci;

--
-- 傾印資料表的資料 `recipe_tags`
--

INSERT INTO `recipe_tags` (`recipe_id`, `tag_id`) VALUES
(1, 1),
(1, 2),
(1, 3),
(2, 4),
(2, 5),
(2, 6),
(3, 7),
(3, 8),
(4, 5),
(4, 9),
(4, 10),
(5, 11),
(5, 12),
(6, 11),
(6, 13),
(7, 14),
(7, 15),
(8, 16),
(8, 17),
(9, 18),
(9, 19),
(10, 20),
(10, 21),
(10, 22),
(10, 23),
(11, 24),
(11, 25),
(12, 5),
(12, 26),
(13, 6),
(13, 27),
(14, 21),
(14, 28),
(15, 7),
(15, 29),
(16, 21),
(16, 30),
(17, 6),
(17, 31),
(18, 32),
(18, 33),
(19, 34),
(19, 35),
(20, 35),
(21, 36),
(21, 37),
(22, 21),
(22, 38),
(23, 5),
(23, 39),
(24, 16),
(24, 40),
(25, 41),
(26, 35),
(26, 42),
(27, 43),
(27, 44),
(28, 14),
(28, 37),
(28, 45),
(29, 7),
(29, 46),
(30, 6),
(30, 47),
(31, 48),
(32, 49),
(32, 50),
(33, 51),
(34, 21),
(34, 52),
(35, 53),
(36, 54),
(37, 50),
(37, 55),
(38, 21),
(38, 56),
(39, 7),
(39, 57),
(40, 5),
(40, 58),
(41, 59),
(41, 60),
(42, 14),
(42, 61),
(43, 49),
(43, 62),
(43, 63),
(44, 21),
(44, 64),
(44, 65),
(45, 6),
(45, 66),
(46, 1),
(46, 3),
(46, 10),
(47, 21),
(47, 67),
(48, 11),
(48, 14),
(48, 68),
(49, 69),
(50, 21),
(50, 70),
(50, 71);

-- --------------------------------------------------------

--
-- 資料表結構 `related_recipes`
--

CREATE TABLE `related_recipes` (
  `id` int NOT NULL,
  `recipe_id` bigint UNSIGNED NOT NULL,
  `related_recipe_id` bigint UNSIGNED NOT NULL,
  `relation_type` varchar(50) DEFAULT 'recommended' COMMENT '關聯類型，如相似風味、相同料理類型等',
  `created_at` timestamp NULL DEFAULT CURRENT_TIMESTAMP
) ENGINE=InnoDB DEFAULT CHARSET=utf8mb4 COLLATE=utf8mb4_0900_ai_ci;

--
-- 傾印資料表的資料 `related_recipes`
--

INSERT INTO `related_recipes` (`id`, `recipe_id`, `related_recipe_id`, `relation_type`, `created_at`) VALUES
(1, 1, 24, 'similar_cuisine', '2025-03-10 00:15:22'),
(2, 1, 30, 'similar_cuisine', '2025-03-10 00:15:22'),
(3, 1, 36, 'similar_cuisine', '2025-03-10 00:15:22'),
(4, 1, 46, 'similar_ingredient', '2025-03-10 00:15:22'),
(5, 2, 29, 'similar_cuisine', '2025-03-10 00:16:33'),
(6, 2, 45, 'similar_spice_level', '2025-03-10 00:16:33'),
(7, 2, 6, 'similar_spice_level', '2025-03-10 00:16:33'),
(8, 2, 42, 'similar_dish_type', '2025-03-10 00:16:33'),
(9, 3, 23, 'similar_cuisine', '2025-03-10 00:17:44'),
(10, 3, 32, 'similar_cuisine', '2025-03-10 00:17:44'),
(11, 3, 39, 'similar_cuisine', '2025-03-10 00:17:44'),
(12, 3, 44, 'similar_cuisine', '2025-03-10 00:17:44'),
(13, 4, 12, 'similar_dish_type', '2025-03-10 00:18:55'),
(14, 4, 26, 'similar_cuisine', '2025-03-10 00:18:55'),
(15, 4, 34, 'similar_cuisine', '2025-03-10 00:18:55'),
(16, 4, 40, 'similar_cuisine', '2025-03-10 00:18:55'),
(17, 5, 31, 'similar_cuisine', '2025-03-10 00:20:06'),
(18, 5, 45, 'similar_cuisine', '2025-03-10 00:20:06'),
(19, 5, 6, 'similar_spice_level', '2025-03-10 00:20:06'),
(20, 5, 15, 'similar_spice_level', '2025-03-10 00:20:06'),
(21, 6, 27, 'similar_cuisine', '2025-03-10 00:21:17'),
(22, 6, 33, 'similar_cuisine', '2025-03-10 00:21:17'),
(23, 6, 5, 'similar_spice_level', '2025-03-10 00:21:17'),
(24, 6, 45, 'similar_main_ingredient', '2025-03-10 00:21:17'),
(25, 7, 28, 'similar_cuisine', '2025-03-10 00:22:28'),
(26, 7, 42, 'similar_cuisine', '2025-03-10 00:22:28'),
(27, 7, 48, 'similar_cuisine', '2025-03-10 00:22:28'),
(28, 7, 19, 'similar_dish_type', '2025-03-10 00:22:28'),
(29, 8, 24, 'similar_cuisine', '2025-03-10 00:23:39'),
(30, 8, 30, 'similar_cuisine', '2025-03-10 00:23:39'),
(31, 8, 36, 'similar_cuisine', '2025-03-10 00:23:39'),
(32, 8, 46, 'similar_cuisine', '2025-03-10 00:23:39'),
(33, 9, 13, 'similar_main_ingredient', '2025-03-10 00:24:50'),
(34, 9, 30, 'similar_main_ingredient', '2025-03-10 00:24:50'),
(35, 9, 43, 'similar_main_ingredient', '2025-03-10 00:24:50'),
(36, 9, 4, 'similar_cooking_style', '2025-03-10 00:24:50'),
(37, 10, 14, 'similar_dish_type', '2025-03-10 00:26:01'),
(38, 10, 22, 'similar_dish_type', '2025-03-10 00:26:01'),
(39, 10, 38, 'similar_dish_type', '2025-03-10 00:26:01'),
(40, 10, 50, 'similar_dish_type', '2025-03-10 00:26:01'),
(41, 11, 35, 'similar_cuisine', '2025-03-10 00:27:12'),
(42, 11, 29, 'similar_region', '2025-03-10 00:27:12'),
(43, 11, 2, 'similar_region', '2025-03-10 00:27:12'),
(44, 11, 23, 'similar_dish_type', '2025-03-10 00:27:12'),
(45, 12, 4, 'similar_dish_type', '2025-03-10 00:28:23'),
(46, 12, 40, 'similar_dish_type', '2025-03-10 00:28:23'),
(47, 12, 2, 'similar_dish_type', '2025-03-10 00:28:23'),
(48, 12, 42, 'similar_dish_type', '2025-03-10 00:28:23'),
(49, 13, 30, 'similar_main_ingredient', '2025-03-10 00:29:34'),
(50, 13, 9, 'similar_main_ingredient', '2025-03-10 00:29:34'),
(51, 13, 43, 'similar_main_ingredient', '2025-03-10 00:29:34'),
(52, 13, 45, 'similar_main_ingredient', '2025-03-10 00:29:34'),
(53, 14, 22, 'similar_dish_type', '2025-03-10 00:30:45'),
(54, 14, 38, 'similar_dish_type', '2025-03-10 00:30:45'),
(55, 14, 10, 'similar_dish_type', '2025-03-10 00:30:45'),
(56, 14, 47, 'similar_dish_type', '2025-03-10 00:30:45'),
(57, 15, 20, 'similar_cooking_style', '2025-03-10 00:31:56'),
(58, 15, 25, 'similar_cooking_style', '2025-03-10 00:31:56'),
(59, 15, 29, 'similar_dish_type', '2025-03-10 00:31:56'),
(60, 15, 41, 'similar_spice_level', '2025-03-10 00:31:56'),
(61, 16, 22, 'similar_cuisine', '2025-03-10 00:33:07'),
(62, 16, 34, 'similar_cuisine', '2025-03-10 00:33:07'),
(63, 16, 47, 'similar_cuisine', '2025-03-10 00:33:07'),
(64, 16, 50, 'similar_dish_type', '2025-03-10 00:33:07'),
(65, 17, 23, 'similar_cuisine', '2025-03-10 00:34:18'),
(66, 17, 32, 'similar_cuisine', '2025-03-10 00:34:18'),
(67, 17, 39, 'similar_cuisine', '2025-03-10 00:34:18'),
(68, 17, 44, 'similar_cuisine', '2025-03-10 00:34:18'),
(69, 18, 27, 'similar_region', '2025-03-10 00:35:29'),
(70, 18, 33, 'similar_region', '2025-03-10 00:35:29'),
(71, 18, 6, 'similar_region', '2025-03-10 00:35:29'),
(72, 18, 31, 'similar_dish_type', '2025-03-10 00:35:29'),
(73, 19, 7, 'similar_dish_type', '2025-03-10 00:36:40'),
(74, 19, 43, 'similar_region', '2025-03-10 00:36:40'),
(75, 19, 48, 'similar_dish_type', '2025-03-10 00:36:40'),
(76, 19, 28, 'similar_region', '2025-03-10 00:36:40'),
(77, 20, 25, 'similar_cooking_style', '2025-03-10 00:37:51'),
(78, 20, 15, 'similar_cooking_style', '2025-03-10 00:37:51'),
(79, 20, 26, 'similar_main_ingredient', '2025-03-10 00:37:51'),
(80, 20, 6, 'similar_spice_level', '2025-03-10 00:37:51'),
(81, 21, 28, 'similar_dish_type', '2025-03-10 00:39:02'),
(82, 21, 49, 'similar_cuisine', '2025-03-10 00:39:02'),
(83, 21, 8, 'similar_region', '2025-03-10 00:39:02'),
(84, 21, 13, 'similar_region', '2025-03-10 00:39:02'),
(85, 22, 10, 'similar_dish_type', '2025-03-10 00:40:13'),
(86, 22, 14, 'similar_dish_type', '2025-03-10 00:40:13'),
(87, 22, 38, 'similar_dish_type', '2025-03-10 00:40:13'),
(88, 22, 47, 'similar_dish_type', '2025-03-10 00:40:13'),
(89, 23, 17, 'similar_cuisine', '2025-03-10 00:41:24'),
(90, 23, 32, 'similar_cuisine', '2025-03-10 00:41:24'),
(91, 23, 39, 'similar_cuisine', '2025-03-10 00:41:24'),
(92, 23, 3, 'similar_cuisine', '2025-03-10 00:41:24'),
(93, 24, 1, 'similar_cuisine', '2025-03-10 00:42:35'),
(94, 24, 8, 'similar_cuisine', '2025-03-10 00:42:35'),
(95, 24, 30, 'similar_cuisine', '2025-03-10 00:42:35'),
(96, 24, 46, 'similar_cuisine', '2025-03-10 00:42:35'),
(97, 25, 15, 'similar_cooking_style', '2025-03-10 00:43:46'),
(98, 25, 20, 'similar_cooking_style', '2025-03-10 00:43:46'),
(99, 25, 49, 'similar_region', '2025-03-10 00:43:46'),
(100, 25, 6, 'similar_spice_level', '2025-03-10 00:43:46'),
(101, 26, 4, 'similar_cuisine', '2025-03-10 00:44:57'),
(102, 26, 20, 'similar_main_ingredient', '2025-03-10 00:44:57'),
(103, 26, 34, 'similar_cuisine', '2025-03-10 00:44:57'),
(104, 26, 40, 'similar_cuisine', '2025-03-10 00:44:57'),
(105, 27, 6, 'similar_cuisine', '2025-03-10 00:46:08'),
(106, 27, 18, 'similar_region', '2025-03-10 00:46:08'),
(107, 27, 33, 'similar_cuisine', '2025-03-10 00:46:08'),
(108, 27, 41, 'similar_dish_type', '2025-03-10 00:46:08'),
(109, 28, 7, 'similar_cuisine', '2025-03-10 00:47:19'),
(110, 28, 21, 'similar_dish_type', '2025-03-10 00:47:19'),
(111, 28, 42, 'similar_cuisine', '2025-03-10 00:47:19'),
(112, 28, 48, 'similar_cuisine', '2025-03-10 00:47:19'),
(113, 29, 2, 'similar_cuisine', '2025-03-10 00:48:30'),
(114, 29, 11, 'similar_region', '2025-03-10 00:48:30'),
(115, 29, 15, 'similar_dish_type', '2025-03-10 00:48:30'),
(116, 29, 35, 'similar_region', '2025-03-10 00:48:30'),
(117, 30, 8, 'similar_cuisine', '2025-03-10 00:49:41'),
(118, 30, 13, 'similar_main_ingredient', '2025-03-10 00:49:41'),
(119, 30, 24, 'similar_cuisine', '2025-03-10 00:49:41'),
(120, 30, 46, 'similar_cuisine', '2025-03-10 00:49:41'),
(121, 31, 5, 'similar_cuisine', '2025-03-10 00:50:52'),
(122, 31, 18, 'similar_dish_type', '2025-03-10 00:50:52'),
(123, 31, 33, 'similar_dish_type', '2025-03-10 00:50:52'),
(124, 31, 45, 'similar_cuisine', '2025-03-10 00:50:52'),
(125, 32, 3, 'similar_cuisine', '2025-03-10 00:52:03'),
(126, 32, 17, 'similar_cuisine', '2025-03-10 00:52:03'),
(127, 32, 23, 'similar_cuisine', '2025-03-10 00:52:03'),
(128, 32, 39, 'similar_cuisine', '2025-03-10 00:52:03'),
(129, 33, 6, 'similar_cuisine', '2025-03-10 00:53:14'),
(130, 33, 18, 'similar_region', '2025-03-10 00:53:14'),
(131, 33, 27, 'similar_cuisine', '2025-03-10 00:53:14'),
(132, 33, 31, 'similar_dish_type', '2025-03-10 00:53:14'),
(133, 34, 4, 'similar_cuisine', '2025-03-10 00:54:25'),
(134, 34, 16, 'similar_cuisine', '2025-03-10 00:54:25'),
(135, 34, 26, 'similar_cuisine', '2025-03-10 00:54:25'),
(136, 34, 47, 'similar_cuisine', '2025-03-10 00:54:25'),
(137, 35, 11, 'similar_cuisine', '2025-03-10 00:55:36'),
(138, 35, 29, 'similar_region', '2025-03-10 00:55:36'),
(139, 35, 2, 'similar_region', '2025-03-10 00:55:36'),
(140, 35, 48, 'similar_dish_type', '2025-03-10 00:55:36'),
(141, 36, 1, 'similar_cuisine', '2025-03-10 00:56:47'),
(142, 36, 8, 'similar_cuisine', '2025-03-10 00:56:47'),
(143, 36, 24, 'similar_cuisine', '2025-03-10 00:56:47'),
(144, 36, 46, 'similar_cuisine', '2025-03-10 00:56:47'),
(145, 37, 32, 'similar_main_ingredient', '2025-03-10 00:57:58'),
(146, 37, 20, 'similar_cooking_style', '2025-03-10 00:57:58'),
(147, 37, 25, 'similar_cooking_style', '2025-03-10 00:57:58'),
(148, 37, 43, 'similar_region', '2025-03-10 00:57:58'),
(149, 38, 10, 'similar_dish_type', '2025-03-10 00:59:09'),
(150, 38, 14, 'similar_dish_type', '2025-03-10 00:59:09'),
(151, 38, 22, 'similar_dish_type', '2025-03-10 00:59:09'),
(152, 38, 47, 'similar_dish_type', '2025-03-10 00:59:09'),
(153, 39, 3, 'similar_cuisine', '2025-03-10 01:00:20'),
(154, 39, 17, 'similar_cuisine', '2025-03-10 01:00:20'),
(155, 39, 23, 'similar_cuisine', '2025-03-10 01:00:20'),
(156, 39, 32, 'similar_cuisine', '2025-03-10 01:00:20'),
(157, 40, 4, 'similar_cuisine', '2025-03-10 01:01:31'),
(158, 40, 12, 'similar_dish_type', '2025-03-10 01:01:31'),
(159, 40, 26, 'similar_cuisine', '2025-03-10 01:01:31'),
(160, 40, 34, 'similar_cuisine', '2025-03-10 01:01:31'),
(161, 41, 15, 'similar_spice_level', '2025-03-10 01:02:42'),
(162, 41, 27, 'similar_dish_type', '2025-03-10 01:02:42'),
(163, 41, 29, 'similar_region', '2025-03-10 01:02:42'),
(164, 41, 45, 'similar_spice_level', '2025-03-10 01:02:42'),
(165, 42, 2, 'similar_dish_type', '2025-03-10 01:03:53'),
(166, 42, 7, 'similar_cuisine', '2025-03-10 01:03:53'),
(167, 42, 28, 'similar_cuisine', '2025-03-10 01:03:53'),
(168, 42, 48, 'similar_cuisine', '2025-03-10 01:03:53'),
(169, 43, 9, 'similar_main_ingredient', '2025-03-10 01:05:04'),
(170, 43, 13, 'similar_main_ingredient', '2025-03-10 01:05:04'),
(171, 43, 19, 'similar_region', '2025-03-10 01:05:04'),
(172, 43, 37, 'similar_region', '2025-03-10 01:05:04'),
(173, 1, 37, 'similar_cooking_style', '2025-05-16 02:15:22'),
(174, 2, 21, 'similar_main_ingredient', '2025-05-16 02:16:33'),
(175, 3, 17, 'similar_dish_type', '2025-05-16 02:17:44'),
(176, 4, 16, 'similar_spice_level', '2025-05-16 02:18:55'),
(177, 5, 27, 'similar_main_ingredient', '2025-05-16 02:20:06'),
(178, 6, 25, 'similar_dish_type', '2025-05-16 02:21:17'),
(179, 7, 35, 'similar_main_ingredient', '2025-05-16 02:22:28'),
(180, 8, 13, 'similar_main_ingredient', '2025-05-16 02:23:39'),
(181, 9, 37, 'similar_dish_type', '2025-05-16 02:24:50'),
(182, 10, 16, 'similar_cuisine', '2025-05-16 02:26:01'),
(183, 11, 41, 'similar_spice_level', '2025-05-16 02:27:12'),
(184, 12, 26, 'similar_cuisine', '2025-05-16 02:28:23'),
(185, 13, 8, 'similar_cuisine', '2025-05-16 02:29:34'),
(186, 14, 16, 'similar_cuisine', '2025-05-16 02:30:45'),
(187, 15, 45, 'similar_cuisine', '2025-05-16 02:31:56'),
(188, 16, 38, 'similar_spice_level', '2025-05-16 02:33:07'),
(189, 17, 3, 'similar_dish_type', '2025-05-16 02:34:18'),
(190, 18, 20, 'similar_spice_level', '2025-05-16 02:35:29'),
(191, 19, 42, 'similar_cuisine', '2025-05-16 02:36:40'),
(192, 20, 37, 'similar_dish_type', '2025-05-16 02:37:51'),
(193, 21, 42, 'similar_main_ingredient', '2025-05-16 02:39:02'),
(194, 22, 16, 'similar_spice_level', '2025-05-16 02:40:13'),
(195, 23, 11, 'similar_dish_type', '2025-05-16 02:41:24'),
(196, 24, 13, 'similar_dish_type', '2025-05-16 02:42:35'),
(197, 25, 41, 'similar_main_ingredient', '2025-05-16 02:43:46'),
(198, 26, 12, 'similar_spice_level', '2025-05-16 02:44:57'),
(199, 27, 25, 'similar_spice_level', '2025-05-16 02:46:08'),
(200, 28, 19, 'similar_spice_level', '2025-05-16 02:47:19'),
(201, 29, 41, 'similar_cooking_style', '2025-05-16 02:48:30'),
(202, 30, 9, 'similar_dish_type', '2025-05-16 02:49:41'),
(203, 31, 20, 'similar_main_ingredient', '2025-05-16 02:50:52'),
(204, 32, 44, 'similar_dish_type', '2025-05-16 02:52:03'),
(205, 33, 45, 'similar_spice_level', '2025-05-16 02:53:14'),
(206, 34, 22, 'similar_spice_level', '2025-05-16 02:54:25'),
(207, 35, 7, 'similar_cuisine', '2025-05-16 02:55:36'),
(208, 36, 30, 'similar_dish_type', '2025-05-16 02:56:47'),
(209, 37, 9, 'similar_cooking_style', '2025-05-16 02:57:58'),
(210, 38, 34, 'similar_cuisine', '2025-05-16 02:59:09'),
(211, 39, 44, 'similar_spice_level', '2025-05-16 03:00:20'),
(212, 40, 16, 'similar_main_ingredient', '2025-05-16 03:01:31'),
(213, 41, 33, 'similar_cuisine', '2025-05-16 03:02:42'),
(214, 42, 19, 'similar_main_ingredient', '2025-05-16 03:03:53'),
(215, 43, 30, 'similar_spice_level', '2025-05-16 03:05:04');

-- --------------------------------------------------------

--
-- 資料表結構 `related_restaurants`
--

CREATE TABLE `related_restaurants` (
  `id` int NOT NULL,
  `source_restaurant_id` int NOT NULL COMMENT '來源餐廳ID',
  `related_restaurant_id` int NOT NULL COMMENT '相關餐廳ID',
  `image` varchar(255) DEFAULT NULL COMMENT '餐廳圖片路徑',
  `location` varchar(100) DEFAULT NULL COMMENT '餐廳區域',
  `created_at` datetime DEFAULT CURRENT_TIMESTAMP
) ENGINE=InnoDB DEFAULT CHARSET=utf8mb4 COLLATE=utf8mb4_0900_ai_ci;

--
-- 傾印資料表的資料 `related_restaurants`
--

INSERT INTO `related_restaurants` (`id`, `source_restaurant_id`, `related_restaurant_id`, `image`, `location`, `created_at`) VALUES
(1, 1, 5, '/images/restaurant/r06.webp', '士林區', '2025-05-05 04:30:00'),
(2, 1, 10, '/images/restaurant/r03.webp', '信義區', '2025-05-05 04:30:00'),
(3, 1, 3, '/images/restaurant/r04.webp', '士林區', '2025-05-05 04:30:00'),
(4, 2, 9, '/images/restaurant/r04.webp', '中正區', '2025-05-05 04:30:00'),
(5, 2, 5, '/images/restaurant/r06.webp', '士林區', '2025-05-05 04:30:00'),
(6, 2, 1, '/images/restaurant/r02.webp', '大安區', '2025-05-05 04:30:00'),
(7, 3, 7, '/images/restaurant/r05.webp', '東區', '2025-05-05 04:30:00'),
(8, 3, 10, '/images/restaurant/r03.webp', '信義區', '2025-05-05 04:30:00'),
(9, 3, 5, '/images/restaurant/r06.webp', '士林區', '2025-05-05 04:30:00'),
(10, 4, 6, '/images/restaurant/r06.webp', '三民區', '2025-05-05 04:30:00'),
(11, 4, 8, '/images/restaurant/r04.webp', '松山區', '2025-05-05 04:30:00'),
(12, 4, 9, '/images/restaurant/r04.webp', '中正區', '2025-05-05 04:30:00'),
(13, 5, 1, '/images/restaurant/r02.webp', '大安區', '2025-05-05 04:30:00'),
(14, 5, 2, '/images/restaurant/r03.webp', '貢寮區', '2025-05-05 04:30:00'),
(15, 5, 3, '/images/restaurant/r04.webp', '士林區', '2025-05-05 04:30:00'),
(16, 6, 4, '/images/restaurant/r05.webp', '中正區', '2025-05-05 04:30:00'),
(17, 6, 8, '/images/restaurant/r04.webp', '松山區', '2025-05-05 04:30:00'),
(18, 6, 9, '/images/restaurant/r04.webp', '中正區', '2025-05-05 04:30:00'),
(19, 7, 3, '/images/restaurant/r04.webp', '士林區', '2025-05-05 04:30:00'),
(20, 7, 10, '/images/restaurant/r03.webp', '信義區', '2025-05-05 04:30:00'),
(21, 7, 1, '/images/restaurant/r02.webp', '大安區', '2025-05-05 04:30:00'),
(22, 8, 1, '/images/restaurant/r02.webp', '大安區', '2025-05-05 04:30:00'),
(23, 8, 6, '/images/restaurant/r06.webp', '三民區', '2025-05-05 04:30:00'),
(24, 8, 4, '/images/restaurant/r05.webp', '中正區', '2025-05-05 04:30:00'),
(25, 9, 2, '/images/restaurant/r03.webp', '貢寮區', '2025-05-05 04:30:00'),
(26, 9, 6, '/images/restaurant/r06.webp', '三民區', '2025-05-05 04:30:00'),
(27, 9, 4, '/images/restaurant/r05.webp', '中正區', '2025-05-05 04:30:00'),
(28, 10, 3, '/images/restaurant/r04.webp', '士林區', '2025-05-05 04:30:00'),
(29, 10, 7, '/images/restaurant/r05.webp', '東區', '2025-05-05 04:30:00'),
(30, 10, 1, '/images/restaurant/r04.webp', '大安區', '2025-05-05 04:30:00');

-- --------------------------------------------------------

--
-- 資料表結構 `restaurants`
--

CREATE TABLE `restaurants` (
  `id` int NOT NULL,
  `name` varchar(255) NOT NULL,
  `description` text,
  `address` varchar(255) DEFAULT NULL,
  `phone` varchar(20) DEFAULT NULL,
  `hours` varchar(255) DEFAULT NULL,
  `image` varchar(255) DEFAULT NULL,
  `min_spend` int DEFAULT NULL,
  `service_charge` tinyint DEFAULT NULL,
  `payment_info` varchar(255) DEFAULT NULL,
  `wifi` tinyint(1) DEFAULT '0',
  `reservation_info` text,
  `created_at` datetime DEFAULT CURRENT_TIMESTAMP,
  `latitude` decimal(20,10) DEFAULT NULL,
  `longitude` decimal(11,8) DEFAULT NULL
) ENGINE=InnoDB DEFAULT CHARSET=utf8mb4 COLLATE=utf8mb4_0900_ai_ci;

--
-- 傾印資料表的資料 `restaurants`
--

INSERT INTO `restaurants` (`id`, `name`, `description`, `address`, `phone`, `hours`, `image`, `min_spend`, `service_charge`, `payment_info`, `wifi`, `reservation_info`, `created_at`, `latitude`, `longitude`) VALUES
(1, '秋香樓', '秋香樓提供精緻的傳統中式料理，結合台灣在地食材與古法烹調技巧，創造出獨特的美食體驗。餐廳環境優雅，是品嚐經典東坡肉、松露野菇燉飯等招牌菜的絕佳場所。', '台北市大安區仁愛路四段112號', '02-2708-1234', '週一至週日 11:30-14:30, 17:30-21:30', '/images/restaurant/r02.webp', 800, 10, '接受現金、信用卡、行動支付', 1, '建議提前3天預約，可電話或線上訂位', '2023-04-15 10:00:00', 25.0376500000, 121.54961300),
(2, '海天一線', '位於東北角海岸的海天一線，以新鮮海鮮料理聞名。餐廳堅持每日清晨採購當日漁獲，讓饕客品嚐到最鮮美的海洋滋味。特色菜包括現撈海膽蒸蛋、岩礁石斑清蒸等。', '新北市三重區三和路四段107-1號', '02-2499-5678', '週二至週日 11:00-20:00, 週一公休', '/images/restaurant/r03.webp', 600, 10, '僅接受現金及Line Pay', 0, '週末請提前一週預約，電話訂位', '2022-07-22 09:30:00', 25.0770389825, 121.48600000),
(3, '禪悅', '禪悅是一間結合禪意美學與素食文化的精緻餐廳。菜色以當季有機蔬果為主，強調食材的原始風味與營養價值。環境寧靜雅致，是都市中難得的身心靈淨化空間。', '台北市士林區至善路二段282號', '02-2841-9876', '週三至週日 11:00-14:00, 17:00-20:30, 週一二公休', '/images/restaurant/r04.webp', 500, 5, '接受各類支付方式', 1, '建議提前預約，可透過官網或電話訂位', '2023-01-10 11:15:00', 25.1009629877, 121.55198098),
(4, '同安堂', '同安堂傳承台南百年老店風味，專注於傳統台南小吃的精緻化呈現。招牌百年肉燥飯、古早味蚵仔煎與傳統擔仔麵，完美重現台南庶民美食的原汁原味。', '台北市中正區衡陽路12號', '02-2311-4321', '週一至週日 10:00-21:00', '/images/restaurant/r05.webp', 300, 0, '接受現金、信用卡', 0, '不接受預約，採現場候位制', '2022-05-05 08:20:00', 25.0422677454, 121.51354261),
(5, '山月樓', '山月樓是一間融合台灣高山食材與日式料理技法的創意餐廳。位於陽明山上，環境優美，視野開闊。以霧台松茸燉飯、檜木燻鮭魚等獨特菜色聞名。', '新北市蘆洲區民族路7號', '02-2862-8765', '週三至週日 12:00-15:00, 18:00-22:00, 週一二公休', '/images/restaurant/r06.webp', 1200, 15, '接受現金、信用卡，不收美金', 1, '需提前7天預約，每月1日開放下個月訂位', '2023-08-30 14:30:00', 25.0843469962, 121.47612602),
(6, '阿財鹽酥雞', '高雄知名夜市小吃，阿財鹽酥雞以獨特的調味與炸物技法聞名全台。使用台灣本土放山雞與新鮮蔬果，創造出香酥不膩的完美口感。', '高雄市三民區大順二路111號', '07-397-1234', '週二至週日 16:00-01:00, 週一公休', '/images/restaurant/r06.webp', 150, 0, '僅收現金', 0, '不需預約，可外帶', '2021-11-15 16:45:00', 22.6418180117, 120.32696081),
(7, '翠園', '翠園是一間專注於台灣本土食材的蔬食餐廳。與在地小農合作，提供最新鮮的季節蔬果料理。環境明亮舒適，是健康飲食愛好者的首選。', '新竹市東區民族路33號', '03-522-9876', '週一至週日 11:30-14:30, 17:30-21:00', '/images/restaurant/r05.webp', 450, 5, '接受各種支付方式', 1, '週末建議提前預約，電話或App訂位', '2023-03-18 13:25:00', 24.8043211898, 120.97207331),
(8, '老江湖火鍋', '老江湖火鍋以正宗重慶風味麻辣湯底聞名，48小時熬煮的老街麻辣湯底，融合四川、重慶與台灣本土辣椒，創造出獨特的麻辣層次。', '台北市松山區八德路三段76號', '02-2579-4567', '週一至週日 11:30-15:00, 17:30-23:30', '/images/restaurant/r04.webp', 500, 10, '接受現金、信用卡、電子支付', 1, '4人以上建議預約，可電話訂位', '2022-09-27 17:40:00', 25.0480059977, 121.55278497),
(9, '漁村食堂', '漁村食堂位於基隆漁港旁，堅持使用永續捕撈的海鮮，與當地漁民直接合作。料理強調海鮮原始風味，以簡單烹調方式呈現食材的鮮美。', '基隆市中正區北寧路25號', '02-2463-8901', '週三至週一 11:00-20:00, 週二公休', '/images/restaurant/r04.webp', 400, 0, '僅收現金及Line Pay', 0, '週末請提前預約，電話訂位', '2023-06-12 10:10:00', 25.1511920035, 121.77318100),
(10, '北醫藥膳坊', '北醫藥膳坊結合中醫藥膳理論與現代餐飲，提供順應四季節氣的養生料理。餐點以溫和滋補為主，適合各年齡層食用，是注重健康飲食的絕佳選擇。', '台北市信義區松仁路123號', '02-2345-6789', '週一至週六 11:00-14:30, 17:00-20:30, 週日公休', '/images/restaurant/r03.webp', 600, 5, '接受現金、信用卡', 1, '建議提前預約，可電話或官網訂位', '2023-02-28 12:00:00', 25.0345200184, 121.56877899);

-- --------------------------------------------------------

--
-- 資料表結構 `sessions`
--

CREATE TABLE `sessions` (
  `session_id` varchar(128) CHARACTER SET utf8mb4 COLLATE utf8mb4_bin NOT NULL,
  `expires` int UNSIGNED NOT NULL,
  `data` mediumtext CHARACTER SET utf8mb4 COLLATE utf8mb4_bin
) ENGINE=InnoDB DEFAULT CHARSET=utf8mb4 COLLATE=utf8mb4_0900_ai_ci;

-- --------------------------------------------------------

--
-- 資料表結構 `steps`
--

CREATE TABLE `steps` (
  `step_id` bigint UNSIGNED NOT NULL,
  `recipe_id` int DEFAULT NULL,
  `step_order` int DEFAULT NULL,
  `description` text CHARACTER SET utf8mb4 COLLATE utf8mb4_general_ci,
  `image_url` varchar(255) CHARACTER SET utf8mb4 COLLATE utf8mb4_general_ci DEFAULT NULL
) ENGINE=InnoDB DEFAULT CHARSET=utf8mb4 COLLATE=utf8mb4_general_ci;

--
-- 傾印資料表的資料 `steps`
--

INSERT INTO `steps` (`step_id`, `recipe_id`, `step_order`, `description`, `image_url`) VALUES
(1, 1, 1, '準備一鍋滾水，加入適量鹽煮義大利麵至有嚼勁（約8-10分鐘）', 'null'),
(2, 1, 2, '同時，在平底鍋中以中火融化奶油並加入橄欖油', 'null'),
(3, 1, 3, '加入切碎的蒜頭，炒至金黃香氣四溢（約2分鐘）', 'null'),
(4, 1, 4, '將煮好的義大利麵瀝乾，保留約1/4杯煮麵水', 'null'),
(5, 1, 5, '將麵條加入蒜香奶油醬汁中翻炒均勻', 'null'),
(6, 1, 6, '加入少許煮麵水使醬汁更加濃稠順滑', 'null'),
(7, 1, 7, '最後撒上磨碎的帕馬森起司和現磨黑胡椒，拌勻即可上桌', 'null'),
(8, 2, 1, '將蝦子去殼去腸泥，備用', 'null'),
(9, 2, 2, '香茅切段，檸檬葉撕碎，辣椒切片，蘑菇切片備用', 'null'),
(10, 2, 3, '在鍋中加入高湯煮沸，加入香茅、檸檬葉和辣椒', 'null'),
(11, 2, 4, '煮10分鐘後加入蘑菇和蝦子，再煮約5分鐘', 'null'),
(12, 2, 5, '加入魚露和檸檬汁調味，依個人口味調整酸辣度', 'null'),
(13, 2, 6, '熄火，撒上切碎的香菜即可上桌', 'null'),
(14, 3, 1, '將雞腿去骨，用鹽和胡椒調味', 'null'),
(15, 3, 2, '在碗中混合醬油、味醂和糖製作醃料', 'null'),
(16, 3, 3, '加入切片的薑和壓碎的蒜頭', 'null'),
(17, 3, 4, '將雞腿放入醃料中，醃製至少30分鐘', 'null'),
(18, 3, 5, '中火加熱平底鍋，放入雞腿皮面朝下煎至金黃', 'null'),
(19, 3, 6, '翻面後倒入剩餘的醃料，蓋上鍋蓋燜煮約15分鐘', 'null'),
(20, 3, 7, '醬汁收濃後取出雞腿切片，淋上醬汁即可', 'null'),
(21, 4, 1, '蘑菇和洋蔥切碎，準備好所有材料', 'null'),
(22, 4, 2, '在鍋中融化奶油，加入洋蔥炒至透明', 'null'),
(23, 4, 3, '加入蘑菇繼續炒至水分蒸發，香氣四溢', 'null'),
(24, 4, 4, '撒入麵粉炒至無粉味', 'null'),
(25, 4, 5, '慢慢加入雞高湯，不斷攪拌至湯變得濃稠', 'null'),
(26, 4, 6, '小火煮15分鐘後加入鮮奶油', 'null'),
(27, 4, 7, '用攪拌機打成細滑濃湯，最後加入松露油調味', 'null'),
(28, 4, 8, '上桌前在每碗湯上放上切片松露裝飾', 'null'),
(29, 5, 1, '年糕切片，浸泡在冷水中約10分鐘', 'null'),
(30, 5, 2, '蔥切段，洋蔥和紅蘿蔔切絲', 'null'),
(31, 5, 3, '熱鍋後加入少許油，爆香洋蔥和紅蘿蔔', 'null'),
(32, 5, 4, '加入韓式辣醬炒出香氣，加入糖和醬油調味', 'null'),
(33, 5, 5, '加入瀝乾的年糕，翻炒均勻', 'null'),
(34, 5, 6, '加入適量水，蓋上鍋蓋中小火煮至年糕變軟（約3-5分鐘）', 'null'),
(35, 5, 7, '加入蔥段，最後翻炒幾下即可上桌', 'null'),
(36, 6, 1, '豆腐切成小方塊，豬絞肉洗淨瀝乾', 'null'),
(37, 6, 2, '蔥、薑、蒜切碎備用', 'null'),
(38, 6, 3, '熱鍋後加入少許油，爆香蔥、薑、蒜', 'null'),
(39, 6, 4, '加入豬絞肉炒至變色', 'null'),
(40, 6, 5, '放入豆瓣醬炒出香氣，加入適量水', 'null'),
(41, 6, 6, '水滾後加入豆腐塊，小火煮約5分鐘', 'null'),
(42, 6, 7, '勾芡後撒上花椒粉、蔥花和辣椒油即可', 'null'),
(43, 7, 1, '牛絞肉加入墨西哥辣椒粉及鹽調味', 'null'),
(44, 7, 2, '洋蔥和蒜頭切碎，番茄切丁', 'null'),
(45, 7, 3, '熱鍋加油，先炒香洋蔥和蒜頭', 'null'),
(46, 7, 4, '加入牛絞肉炒至變色，再加入番茄炒至出汁', 'null'),
(47, 7, 5, '玉米餅皮加熱後，鋪上炒好的牛肉餡', 'null'),
(48, 7, 6, '加上萵苣絲、起司絲和酸奶油', 'null'),
(49, 7, 7, '折疊或捲起餅皮即可食用', 'null'),
(50, 8, 1, '茄子切成片，撒上鹽去苦味，靜置15分鐘後擦乾', 'null'),
(51, 8, 2, '平底鍋加熱橄欖油，將茄子煎至兩面金黃', 'null'),
(52, 8, 3, '切碎的蒜頭炒香，加入番茄醬熬煮5分鐘', 'null'),
(53, 8, 4, '烤盤底部塗抹少許橄欖油，放入一層煎好的茄子', 'null'),
(54, 8, 5, '覆蓋一層番茄醬和馬蘇里拉起司片', 'null'),
(55, 8, 6, '重複上述步驟直至材料用完，最上層撒上帕馬森起司', 'null'),
(56, 8, 7, '放入180°C預熱烤箱，烤20分鐘至起司融化冒泡', 'null'),
(57, 8, 8, '撒上羅勒葉裝飾即可', 'null'),
(58, 9, 1, '把迷迭香和百里香洗淨，檸檬切片', 'null'),
(59, 9, 2, '鮭魚洗淨擦乾，用鹽和黑胡椒調味', 'null'),
(60, 9, 3, '在碗中混合橄欖油、檸檬汁和檸檬皮屑', 'null'),
(61, 9, 4, '將迷迭香、百里香和大蒜加入油中浸泡10分鐘', 'null'),
(62, 9, 5, '將調味油淋在鮭魚上，放置15分鐘', 'null'),
(63, 9, 6, '烤箱預熱至180°C，將鮭魚放入烤20分鐘左右', 'null'),
(64, 9, 7, '烤至魚肉呈半透明狀態即可取出上桌', 'null'),
(65, 10, 1, '準備派皮：麵粉加鹽混合，加入冷藏切塊的奶油', 'null'),
(66, 10, 2, '用手將奶油和麵粉混合成碎粒狀，加入冰水揉成麵團', 'null'),
(67, 10, 3, '麵團冷藏30分鐘後分成兩份，擀成派皮', 'null'),
(68, 10, 4, '蘋果去皮切片，加入糖、肉桂粉、檸檬汁和鹽拌勻', 'null'),
(69, 10, 5, '將一片派皮鋪在派盤上，倒入蘋果餡', 'null'),
(70, 10, 6, '蓋上另一片派皮，邊緣壓實，表面切幾道口', 'null'),
(71, 10, 7, '烤箱預熱至190°C，烤約45-50分鐘至金黃', 'null'),
(72, 10, 8, '取出冷卻後切片即可食用', 'null'),
(73, 11, 1, '將牛肉片切薄，牛骨熬高湯約3小時', 'null'),
(74, 11, 2, '高湯中加入切片的薑和洋蔥，熬煮30分鐘', 'null'),
(75, 11, 3, '河粉用沸水燙熟，瀝乾備用', 'null'),
(76, 11, 4, '豆芽燙熟備用', 'null'),
(77, 11, 5, '將熬好的高湯過濾，調整鹽味', 'null'),
(78, 11, 6, '碗中放入河粉、牛肉片、豆芽', 'null'),
(79, 11, 7, '淋上滾燙的高湯（牛肉會被燙熟）', 'null'),
(80, 11, 8, '撒上香菜、青蔥和辣椒即可食用', 'null'),
(81, 12, 1, '南瓜去皮切塊，洋蔥和胡蘿蔔切碎', 'null'),
(82, 12, 2, '鍋中融化奶油，炒香洋蔥', 'null'),
(83, 12, 3, '加入胡蘿蔔和南瓜，炒約3分鐘', 'null'),
(84, 12, 4, '加入雞高湯，蓋上鍋蓋煮至南瓜變軟（約20分鐘）', 'null'),
(85, 12, 5, '用攪拌機打成細滑濃湯', 'null'),
(86, 12, 6, '加入鮮奶油，鹽和黑胡椒調味', 'null'),
(87, 12, 7, '小火煮3分鐘至濃湯更加濃稠', 'null'),
(88, 12, 8, '分碗裝盛，可加些烤南瓜籽裝飾', 'null'),
(89, 13, 1, '將洋蔥、大蒜切碎，紅椒切丁', 'null'),
(90, 13, 2, '海鮮洗淨瀝乾備用', 'null'),
(91, 13, 3, '橄欖油熱鍋，炒香洋蔥和大蒜', 'null'),
(92, 13, 4, '加入圓米，炒至半透明', 'null'),
(93, 13, 5, '加入紅椒和番茄，繼續炒2分鐘', 'null'),
(94, 13, 6, '加入番紅花和魚高湯，煮至米飯吸收湯汁（約15分鐘）', 'null'),
(95, 13, 7, '放入海鮮，再煮約5分鐘至海鮮熟透', 'null'),
(96, 13, 8, '靜置5分鐘後即可上桌', 'null'),
(97, 14, 1, '咖啡加入少許糖，浸泡手指餅乾備用', 'null'),
(98, 14, 2, '蛋黃和糖打發至顏色變淺', 'null'),
(99, 14, 3, '加入馬斯卡彭起司攪拌均勻', 'null'),
(100, 14, 4, '在盤中鋪一層浸泡過的手指餅乾', 'null'),
(101, 14, 5, '覆蓋一層馬斯卡彭混合物', 'null'),
(102, 14, 6, '重複步驟直至材料用完，最上層為起司層', 'null'),
(103, 14, 7, '冷藏至少4小時或過夜', 'null'),
(104, 14, 8, '食用前撒上可可粉即可', 'null'),
(105, 15, 1, '雞肉切塊，洋蔥、薑和蒜頭切碎，番茄切丁', 'null'),
(106, 15, 2, '鍋中加油，爆香薑、蒜和洋蔥', 'null'),
(107, 15, 3, '加入雞肉炒至表面變色', 'null'),
(108, 15, 4, '撒入咖哩粉、薑黃粉和辣椒粉炒出香氣', 'null'),
(109, 15, 5, '加入番茄炒至出汁', 'null'),
(110, 15, 6, '加入足夠的水，蓋上鍋蓋煮約20分鐘', 'null'),
(111, 15, 7, '倒入椰奶，再煮約10分鐘至雞肉熟透', 'null'),
(112, 15, 8, '撒上切碎的香菜即可上桌', 'null'),
(113, 16, 1, '將麵粉、牛奶、雞蛋、融化的奶油、鹽和糖混合攪拌至光滑', 'null'),
(114, 16, 2, '靜置30分鐘讓麵糊更加順滑', 'null'),
(115, 16, 3, '平底鍋加熱，倒入一勺麵糊', 'null'),
(116, 16, 4, '迅速轉動鍋子使麵糊均勻鋪滿鍋底', 'null'),
(117, 16, 5, '小火煎至表面不再濕潤，翻面煎另一面', 'null'),
(118, 16, 6, '重複以上步驟直至麵糊用完', 'null'),
(119, 16, 7, '可依個人喜好加入甜或鹹的餡料卷起食用', 'null'),
(120, 17, 1, '壽司米洗淨，加水煮熟', 'null'),
(121, 17, 2, '熱米加入混合好的醋、糖、鹽調味，冷卻至室溫', 'null'),
(122, 17, 3, '魚肉處理成生魚片，黃瓜切條，牛油果切片', 'null'),
(123, 17, 4, '準備一碗水加少許醋，沾濕手以防米粘手', 'null'),
(124, 17, 5, '將少量壽司米捏成小飯團，上面放上魚片或其他配料', 'null'),
(125, 17, 6, '或將紫菜鋪在竹簾上，上面鋪一層薄薄的米飯', 'null'),
(126, 17, 7, '在米飯上放上配料，捲起並用竹簾壓緊', 'null'),
(127, 17, 8, '切成小段，搭配醬油、芥末和薑片食用', 'null'),
(128, 18, 1, '白蘿蔔磨成泥，瀝去多餘水分', 'null'),
(129, 18, 2, '泡好的香菇和蝦米切碎，香腸切丁', 'null'),
(130, 18, 3, '鍋中加油，炒香蔥、蒜、香菇、蝦米和香腸', 'null'),
(131, 18, 4, '加入白蘿蔔泥，翻炒均勻', 'null'),
(132, 18, 5, '加入在來米粉和醬油，拌勻', 'null'),
(133, 18, 6, '倒入方形容器中，蒸約30分鐘至完全熟透', 'null'),
(134, 18, 7, '冷卻後切片，可直接食用或煎至兩面金黃', 'null'),
(135, 19, 1, '牛絞肉加入麵包粉、雞蛋、切碎的洋蔥和壓碎的蒜頭，拌勻', 'null'),
(136, 19, 2, '分成4等份，捏成圓形扁平狀', 'null'),
(137, 19, 3, '平底鍋加熱，煎牛肉餅至兩面金黃，熟度依個人喜好', 'null'),
(138, 19, 4, '漢堡麵包切半，兩面稍微烤一下', 'null'),
(139, 19, 5, '麵包上塗抹美乃滋或番茄醬', 'null'),
(140, 19, 6, '放上漢堡肉、番茄片、萵苣和起司片', 'null'),
(141, 19, 7, '蓋上麵包頂即可食用', 'null'),
(142, 20, 1, '牛腩切塊，洗淨備用', 'null'),
(143, 20, 2, '洋蔥切丁，紅蘿蔔切塊，蒜頭切碎，番茄切丁', 'null'),
(144, 20, 3, '大鍋中加油，將牛腩煎至表面金黃', 'null'),
(145, 20, 4, '加入洋蔥和蒜頭炒香', 'null'),
(146, 20, 5, '加入紅椒粉炒出香氣，再加入番茄炒至出汁', 'null'),
(147, 20, 6, '加入紅蘿蔔和小紅辣椒，放入香料包', 'null'),
(148, 20, 7, '倒入牛高湯，蓋上鍋蓋小火燉約1.5小時至牛肉軟爛', 'null'),
(149, 20, 8, '調整鹽和胡椒味，取出香料包即可上桌', 'null'),
(150, 21, 1, '番茄和黃瓜切成塊，紅洋蔥切絲，青椒切塊', 'null'),
(151, 21, 2, '橄欖去核，羊奶起司切塊', 'null'),
(152, 21, 3, '將以上材料放入大碗中', 'null'),
(153, 21, 4, '特級初榨橄欖油和檸檬汁混合，加入鹽調味', 'null'),
(154, 21, 5, '將調味汁淋在沙拉上，輕輕拌勻', 'null'),
(155, 21, 6, '撒上乾燥oregano，靜置10分鐘讓風味融合', 'null'),
(156, 21, 7, '上桌前再輕輕拌勻即可', 'null'),
(157, 22, 1, '黑巧克力和奶油隔水融化，冷卻至溫熱', 'null'),
(158, 22, 2, '雞蛋和糖打發至體積膨脹，顏色變淺', 'null'),
(159, 22, 3, '將融化的巧克力醬倒入蛋糊中，輕輕拌勻', 'null'),
(160, 22, 4, '篩入麵粉和鹽，加入香草精，拌勻', 'null'),
(161, 22, 5, '將麵糊倒入已抹油的模具中，約八分滿', 'null'),
(162, 22, 6, '烤箱預熱至190°C，烤約12分鐘至表面有硬殼，內部仍呈液態', 'null'),
(163, 22, 7, '取出稍冷卻，扣出即可食用', 'null'),
(164, 23, 1, '豚骨湯頭煮沸後小火熬煮約1小時', 'null'),
(165, 23, 2, '叉燒肉切片，蔥切段，準備好其他配料', 'null'),
(166, 23, 3, '拉麵下入沸水煮約3分鐘至有嚼勁', 'null'),
(167, 23, 4, '瀝乾麵條，放入裝有熱湯頭的碗中', 'null'),
(168, 23, 5, '擺上叉燒肉、糖心蛋、筍乾、海苔', 'null'),
(169, 23, 6, '撒上蔥段，淋上蒜油即可食用', 'null'),
(170, 24, 1, '洋蔥、蒜頭、紅蘿蔔和芹菜切碎', 'null'),
(171, 24, 2, '平底鍋加油，炒香蔥、蒜', 'null'),
(172, 24, 3, '加入牛絞肉煎至變色，加入紅蘿蔔和芹菜', 'null'),
(173, 24, 4, '倒入番茄醬，小火煮約20分鐘至醬汁濃稠', 'null'),
(174, 24, 5, '另一鍋中製作貝夏美爾醬：奶油融化後加入麵粉炒至無粉味，慢慢加入牛奶攪拌至濃稠', 'null'),
(175, 24, 6, '在焗烤盤底部塗一層貝夏美爾醬，鋪一層千層麵皮', 'null'),
(176, 24, 7, '依序鋪上肉醬、貝夏美爾醬和起司，重複直至材料用完', 'null'),
(177, 24, 8, '最上層鋪滿起司，放入180°C烤箱烤約30分鐘至表面金黃', 'null'),
(178, 25, 1, '雞肉切塊，洋蔥、大蒜、薑、番茄、紅蘿蔔和薯仔切塊', 'null'),
(179, 25, 2, '橄欖去核，檸檬切片', 'null'),
(180, 25, 3, '鍋中加油，放入香料混合物炒出香氣', 'null'),
(181, 25, 4, '加入洋蔥、大蒜和薑炒香', 'null'),
(182, 25, 5, '放入雞肉炒至表面變色', 'null'),
(183, 25, 6, '加入其餘蔬菜、橄欖和檸檬片', 'null'),
(184, 25, 7, '倒入雞高湯，蓋上鍋蓋小火燉約1小時', 'null'),
(185, 25, 8, '調整鹽和胡椒味即可上桌', 'null'),
(186, 26, 1, '牛排室溫放置30分鐘，用紙巾擦乾表面', 'null'),
(187, 26, 2, '撒上鹽和黑胡椒調味', 'null'),
(188, 26, 3, '平底鍋加熱橄欖油，放入迷迭香和百里香', 'null'),
(189, 26, 4, '將牛排放入煎至兩面金黃，程度依個人喜好', 'null'),
(190, 26, 5, '取出牛排靜置', 'null'),
(191, 26, 6, '同一鍋中加入紅蔥頭和大蒜炒香', 'null'),
(192, 26, 7, '倒入紅酒，小火煮至酒精揮發，湯汁收濃', 'null'),
(193, 26, 8, '加入牛高湯和奶油，再次收汁，淋在牛排上即可', 'null'),
(194, 27, 1, '五花肉切小塊，洗淨備用', 'null'),
(195, 27, 2, '鍋中加水，放入冰糖小火熬至融化呈琥珀色', 'null'),
(196, 27, 3, '放入五花肉翻炒均勻，使每塊肉都裹上糖色', 'null'),
(197, 27, 4, '加入醬油、米酒、蔥段、薑片、八角和桂皮', 'null'),
(198, 27, 5, '加水至沒過食材，大火煮沸後轉小火', 'null'),
(199, 27, 6, '加入五香粉，蓋上鍋蓋慢燉約1小時', 'null'),
(200, 27, 7, '若有加入滷蛋，在最後20分鐘放入', 'null'),
(201, 27, 8, '熄火後繼續浸泡約30分鐘，取出即可食用', 'null'),
(202, 28, 1, '萵苣切絲，番茄和牛油果切丁，紅洋蔥切絲', 'null'),
(203, 28, 2, '萊姆汁和橄欖油混合，加入鹽調味', 'null'),
(204, 28, 3, '大碗中放入切好的蔬菜、玉米粒和黑豆', 'null'),
(205, 28, 4, '加入切丁的辣椒和切碎的香菜', 'null'),
(206, 28, 5, '將調味汁淋在沙拉上，輕輕拌勻', 'null'),
(207, 28, 6, '最後加入壓碎的玉米餅片，迅速拌勻即可食用', 'null'),
(208, 29, 1, '雞肉切塊，茄子、紅椒和青椒切塊', 'null'),
(209, 29, 2, '鍋中加油，爆香綠咖哩醬', 'null'),
(210, 29, 3, '加入雞肉翻炒至表面變色', 'null'),
(211, 29, 4, '加入茄子、紅椒和青椒，繼續炒2分鐘', 'null'),
(212, 29, 5, '倒入椰奶，加入青檸葉', 'null'),
(213, 29, 6, '大火煮沸後轉小火，煮至雞肉熟透，約20分鐘', 'null'),
(214, 29, 7, '加入魚露和棕櫚糖調味，最後撒上羅勒葉即可', 'null'),
(215, 30, 1, '洋蔥和大蒜切碎，海鮮洗淨備用', 'null'),
(216, 30, 2, '鍋中融化奶油，炒香洋蔥和大蒜', 'null'),
(217, 30, 3, '加入短米翻炒約2分鐘', 'null'),
(218, 30, 4, '倒入白酒，煮至酒精揮發', 'null'),
(219, 30, 5, '慢慢加入熱魚高湯，攪拌均勻，小火煮至米飯吸收湯汁', 'null'),
(220, 30, 6, '持續攪拌，每次湯汁快被吸收完時再加入一些，直到米飯變軟', 'null'),
(221, 30, 7, '放入海鮮，再煮約5分鐘至海鮮熟透', 'null'),
(222, 30, 8, '加入帕馬森起司和鹽、黑胡椒調味，靜置2分鐘即可上桌', 'null'),
(223, 31, 1, '泡菜切碎，瀝去多餘水分但保留部分泡菜汁', 'null'),
(224, 31, 2, '蔥切段，準備好其他配料', 'null'),
(225, 31, 3, '碗中混合麵粉、在來米粉、雞蛋和泡菜汁，加水調整至稀糊狀', 'null'),
(226, 31, 4, '加入切碎的泡菜、蔥段和可選的海鮮，拌勻', 'null'),
(227, 31, 5, '平底鍋加熱植物油，倒入麵糊', 'null'),
(228, 31, 6, '中小火煎至底面金黃酥脆後翻面', 'null'),
(229, 31, 7, '兩面都煎至金黃酥脆即可切塊上桌', 'null'),
(230, 32, 1, '豬里肌切成1.5cm厚度，用鹽和黑胡椒調味', 'null'),
(231, 32, 2, '依序將豬肉沾裹麵粉、打散的雞蛋和麵包粉', 'null'),
(232, 32, 3, '熱油鍋中，將裹好的豬肉炸至兩面金黃酥脆', 'null'),
(233, 32, 4, '取出瀝油，放在吸油紙上', 'null'),
(234, 32, 5, '高麗菜切絲，撒上少許鹽醃5分鐘後擠乾水分', 'null'),
(235, 32, 6, '醬油、味醂和糖混合調勻，製作醬汁', 'null'),
(236, 32, 7, '將炸好的豬排切條，搭配高麗菜絲和醬汁即可食用', 'null'),
(237, 33, 1, '中筋麵粉倒入大碗中，加入鹽混合均勻', 'null'),
(238, 33, 2, '慢慢倒入熱水，用筷子快速攪拌', 'null'),
(239, 33, 3, '待溫度降低一些後加入冷水，用手揉成光滑麵團', 'null'),
(240, 33, 4, '靜置30分鐘', 'null'),
(241, 33, 5, '將麵團分成小份，擀成薄圓形', 'null'),
(242, 33, 6, '表面刷上薄薄一層豬油，撒上蔥段', 'null'),
(243, 33, 7, '捲起後再捲成蝸牛狀，壓扁', 'null'),
(244, 33, 8, '擀成薄餅，熱鍋加油煎至兩面金黃酥脆即可', 'null'),
(245, 34, 1, '麵粉和鹽混合，加入冷藏奶油切塊', 'null'),
(246, 34, 2, '用手將麵粉和奶油揉成碎粒狀，加冰水揉成麵團', 'null'),
(247, 34, 3, '麵團冷藏30分鐘後擀成派皮，鋪入派盤', 'null'),
(248, 34, 4, '蛋黃和糖打發至體積膨脹，顏色變淺', 'null'),
(249, 34, 5, '加入檸檬汁、檸檬皮屑和香草精，拌勻', 'null'),
(250, 34, 6, '倒入派皮中，放入烤箱以180°C烤約30分鐘', 'null'),
(251, 34, 7, '表面呈金黃色且中心略微顫動即可取出', 'null'),
(252, 34, 8, '冷卻後冷藏至少2小時再食用', 'null'),
(253, 35, 1, '米粉泡軟，蝦仁煮熟去殼', 'null'),
(254, 35, 2, '黃瓜切條，薄荷葉和香菜洗淨', 'null'),
(255, 35, 3, '魚露、檸檬汁、紅辣椒和花生醬混合製作醬料', 'null'),
(256, 35, 4, '準備一碗溫水，浸泡米紙約10秒至軟化', 'null'),
(257, 35, 5, '將軟化的米紙平鋪在工作檯上', 'null'),
(258, 35, 6, '依序放上萵苣、米粉、蝦仁、黃瓜條、薄荷葉和香菜', 'null'),
(259, 35, 7, '將兩側摺向中間，再從底部捲起', 'null'),
(260, 35, 8, '重複步驟直至材料用完，搭配醬料食用', 'null'),
(261, 36, 1, '高筋麵粉、酵母、鹽和糖混合，慢', 'null');

-- --------------------------------------------------------

--
-- 資料表結構 `tags`
--

CREATE TABLE `tags` (
  `tag_id` bigint UNSIGNED NOT NULL,
  `name` varchar(30) CHARACTER SET utf8mb4 COLLATE utf8mb4_general_ci NOT NULL
) ENGINE=InnoDB DEFAULT CHARSET=utf8mb4 COLLATE=utf8mb4_general_ci;

--
-- 傾印資料表的資料 `tags`
--

INSERT INTO `tags` (`tag_id`, `name`) VALUES
(1, '奶油'),
(2, '大蒜'),
(3, '義大利麵'),
(4, '酸辣'),
(5, '湯品'),
(6, '海鮮'),
(7, '雞肉'),
(8, '照燒'),
(9, '松露'),
(10, '蘑菇'),
(11, '辣味'),
(12, '年糕'),
(13, '豆腐'),
(14, '墨西哥'),
(15, '塔可'),
(16, '焗烤'),
(17, '茄子'),
(18, '檸檬'),
(19, '魚類'),
(20, '烘焙'),
(21, '甜點'),
(22, '蘋果'),
(23, '肉桂'),
(24, '越南'),
(25, '河粉'),
(26, '南瓜'),
(27, '西班牙'),
(28, '提拉米蘇'),
(29, '咖哩'),
(30, '可麗餅'),
(31, '壽司'),
(32, '港式'),
(33, '蘿蔔糕'),
(34, '漢堡'),
(35, '牛肉'),
(36, '希臘'),
(37, '沙拉'),
(38, '巧克力'),
(39, '拉麵'),
(40, '千層麵'),
(41, '摩洛哥'),
(42, '牛排'),
(43, '台灣'),
(44, '滷肉'),
(45, '玉米'),
(46, '綠咖哩'),
(47, '燉飯'),
(48, '泡菜'),
(49, '炸物'),
(50, '豬肉'),
(51, '蔥油餅'),
(52, '檸檬塔'),
(53, '春捲'),
(54, '披薩'),
(55, '德式'),
(56, '起司蛋糕'),
(57, '親子丼'),
(58, '洋蔥湯'),
(59, '印尼'),
(60, '炒飯'),
(61, '辣椒豆湯'),
(62, '英式'),
(63, '薯條'),
(64, '抹茶'),
(65, '慕斯'),
(66, '辣豆腐鍋'),
(67, '舒芙蕾'),
(68, '捲餅'),
(69, '羊肉'),
(70, '比利時'),
(71, '鬆餅');

-- --------------------------------------------------------

--
-- 資料表結構 `users`
--

CREATE TABLE `users` (
  `user_id` int NOT NULL,
  `email` varchar(255) CHARACTER SET utf8mb4 COLLATE utf8mb4_general_ci NOT NULL,
  `phone_number` varchar(20) CHARACTER SET utf8mb4 COLLATE utf8mb4_general_ci DEFAULT NULL,
  `full_name` varchar(255) CHARACTER SET utf8mb4 COLLATE utf8mb4_0900_ai_ci DEFAULT NULL,
  `birthday` date DEFAULT NULL,
  `gender` enum('M','F','Other') CHARACTER SET utf8mb4 COLLATE utf8mb4_general_ci DEFAULT NULL,
  `address` varchar(255) CHARACTER SET utf8mb4 COLLATE utf8mb4_general_ci DEFAULT NULL,
  `username` varchar(255) CHARACTER SET utf8mb4 COLLATE utf8mb4_general_ci NOT NULL,
  `registration_date` timestamp NULL DEFAULT CURRENT_TIMESTAMP,
  `last_login` timestamp NULL DEFAULT NULL,
  `account_status` enum('active','inactive','suspended') CHARACTER SET utf8mb4 COLLATE utf8mb4_general_ci DEFAULT 'active',
  `password_hash` varchar(60) CHARACTER SET utf8mb4 COLLATE utf8mb4_0900_ai_ci DEFAULT NULL,
  `profile_picture_url` varchar(255) DEFAULT NULL,
  `updated_at` datetime DEFAULT NULL
) ENGINE=InnoDB DEFAULT CHARSET=utf8mb4 COLLATE=utf8mb4_0900_ai_ci;

--
-- 傾印資料表的資料 `users`
--

INSERT INTO `users` (`user_id`, `email`, `phone_number`, `full_name`, `birthday`, `gender`, `address`, `username`, `registration_date`, `last_login`, `account_status`, `password_hash`, `profile_picture_url`, `updated_at`) VALUES
(1, 'johna.doe@example.com', '123-456-7890', '陳志明', '1990-05-15', 'M', '台北市信義區松仁路100號5樓', 'john_doe', '2025-02-24 02:00:00', '2025-02-24 02:30:00', 'active', '$2b$10$0Z8fxrKpRYGNTuEkWdWK2eMQPegdtdUokIlx9.vAhHiEbql1hok..', NULL, NULL),
(2, 'jane.smith@example.com', '987-654-3210', '林美玲', '1985-11-22', 'F', '新北市板橋區文化路168號12樓', 'jane_smith', '2025-02-24 02:05:00', '2025-02-24 03:00:00', 'inactive', '$2b$10$20ItIwQWjuvh0uYusXrziOHEIohKy5HRUS.0nJhuGZApPiMFHfM6e', NULL, NULL),
(3, 'mark.jones@example.com', '555-234-5678', '張建宏', '1992-03-09', 'M', '台中市西屯區台灣大道三段99號', 'mark_jones', '2025-02-24 02:10:00', '2025-02-24 04:00:00', 'active', '$2b$10$QAdaycs9jNsiHEp2x9GlyuAThWvZnkL7qMBvUws.fdtoGY/raRmXm', NULL, NULL),
(4, 'linda.white@example.com', '555-876-5432', '李淑芬', '1988-08-11', 'Other', '高雄市前鎮區中山二路253號', 'linda_white', '2025-02-24 02:15:00', '2025-02-24 05:00:00', 'suspended', '$2b$10$AEqD9fSkyiHvZe5tGZgFLuQJ/DQ5vK.EWGXv9j31AV1BKacKdTeta', NULL, NULL),
(5, 'paul.black@example.com', '555-987-6543', '黃文龍', '1994-12-01', 'M', '台南市東區大學路1號', 'paul_black', '2025-02-24 02:20:00', '2025-02-24 06:00:00', 'active', '$2b$10$lkYN3s8oqG.abYNQKUqg7eRafchlm3HdPxFUIP6QXbCKvccFpfnzu', NULL, NULL),
(6, 'anna.wilson@example.com', '555-345-6789', '吳雅婷', '1995-07-16', 'F', '桃園市中壢區中央西路三段67號', 'anna_wilson', '2025-02-24 02:25:00', '2025-02-24 07:00:00', 'inactive', '$2b$10$T2GxU4POloYx0DRLOYB5Gur4TdOL4n7DTQvmohemqCpPwFLZhu7wq', NULL, NULL),
(7, 'george.miller@example.com', '555-654-7890', '劉俊傑', '1993-02-25', 'M', '新竹市東區光復路二段101號', 'george_miller', '2025-02-24 02:30:00', '2025-02-24 08:00:00', 'suspended', '$2b$10$ymjY5o1r4ZY/J1OEEEyjB.X0QHVejjABNCMITxNI500hvmjxx1G9a', NULL, NULL),
(8, 'susan.taylor@example.com', '555-123-4567', '王怡君', '1987-01-10', 'F', '嘉義市西區民生路299號', 'susan_taylor', '2025-02-24 02:35:00', '2025-02-24 09:00:00', 'active', '$2b$10$M7wg7U8r219ubFRTKF0PgOMKi/DY6PXsDD281XnFs6nWfCHYsXUka', NULL, NULL),
(9, 'alex.thomas@example.com', '555-234-8901', '蔡偉誠', '1991-09-04', 'M', '宜蘭縣宜蘭市中山路二段85號', 'alex_thomas', '2025-02-24 02:40:00', '2025-02-24 10:00:00', 'active', '$2b$10$J/yjg5O4VD7qG28S8K0Or.2Y.78BGeiW6Yi5zaU9T/XSJnawZCoaO', NULL, NULL),
(10, 'emily.clark@example.com', '555-987-1234', '楊佩珊', '1996-06-22', 'F', '花蓮縣花蓮市中正路528號', 'emily_clark', '2025-02-24 02:45:00', '2025-02-24 11:00:00', 'inactive', '$2b$10$sIeXP25UqIAZoZAtQ4xRye.m90K4r3HU6JKl3t9XLSZV9iHeznyua', NULL, NULL),
(11, 'kevin.hall@example.com', '555-765-4321', '許家豪', '1989-04-30', 'M', '屏東縣屏東市民生路300號', 'kevin_hall', '2025-02-24 02:50:00', '2025-02-24 12:00:00', 'active', '$2b$10$fC665a83/K..xEROmn5E4u4jTHmfEgLk3vvjHkbW7fIf4ZCRPA44G', NULL, NULL),
(12, 'olivia.scott@example.com', '555-876-2345', '鄭雅雯', '1992-05-25', 'F', '台東縣台東市中華路一段189號', 'olivia_scott', '2025-02-24 02:55:00', '2025-02-24 13:00:00', 'suspended', '$2b$10$B4mlFaKJ5QkRrKVmisqZ2ul3neOi7FVfc6pgOcq0dqKtrTj2Iku1q', NULL, NULL),
(13, 'jason.davis@example.com', '555-234-5678', '謝志豪', '1990-02-14', 'M', '基隆市中正區中正路95號', 'jason_davis', '2025-02-24 03:00:00', '2025-02-24 14:00:00', 'active', '$2b$10$pvDBHFZDiKHqhcibBBIDUOVQbNednVkqLHfEwgo.kxrYq4vGI/FMK', NULL, NULL),
(14, 'karen.roberts@example.com', '555-345-7890', '郭淑惠', '1987-12-10', 'F', '苗栗縣苗栗市中正路462號', 'karen_roberts', '2025-02-24 03:05:00', '2025-02-24 15:00:00', 'inactive', '$2b$10$2/2AS/3ClqVmnK9IcgAUaeTh8IpzBjMMS9wnCEhvu1eiDbEmKJ0nK', NULL, NULL),
(15, 'daniel.jackson@example.com', '555-654-9876', '周明哲', '1993-07-18', 'M', '彰化縣彰化市中山路二段250號', 'daniel_jackson', '2025-02-24 03:10:00', '2025-02-24 16:00:00', 'active', '$2b$10$wTPtKVYnPV2nZNFzoaliQejx9odm7TeNvvSjF0rui2Hyqz6f5QkDa', NULL, NULL),
(16, 'emily.martin@example.com', '555-876-3456', '邱麗華', '1989-03-07', 'F', '雲林縣斗六市雲林路二段135號', 'emily_martin', '2025-02-24 03:15:00', '2025-02-24 17:00:00', 'suspended', '$2b$10$RrNOSsYHI/oIC7/ipWNNW.FJ.cPru5Wy1v3dCBBbi5YEgbNavSDL2', NULL, NULL),
(17, 'christopher.lewis@example.com', '555-987-6543', '曾宗翰', '1994-11-11', 'M', '南投縣南投市中興路323號', 'christopher_lewis', '2025-02-24 03:20:00', '2025-02-24 18:00:00', 'active', '$2b$10$tDHQCmzYAdPVpEeA.DncieZlX90QBqhNVHpxFZmQPmmXHSTNTy5.S', NULL, NULL),
(18, 'amanda.walker@example.com', '555-234-8902', '趙佳穎', '1992-01-30', 'F', '新竹縣竹北市光明六路東一段77號', 'amanda_walker', '2025-02-24 03:25:00', '2025-02-24 19:00:00', 'active', '$2b$10$JB98evm50Ei/u5mM40yFFOJyY5wf0NNgLXuiFg6lnJzrLK2M8twyq', NULL, NULL),
(19, 'ryan.white@example.com', '555-765-4322', '歐陽世明', '1991-06-18', 'M', '澎湖縣馬公市中華路56號', 'ryan_white', '2025-02-24 03:30:00', '2025-02-24 20:00:00', 'suspended', '$2b$10$TynPLkAiT8/fBCq0fq9tu.zaH7DQK4w/3NQgWMIBVCB7ZN/PkY.ea', NULL, NULL),
(20, 'natalie.harris@example.com', '555-876-1234', '何欣怡', '1995-10-07', 'F', '金門縣金城鎮民生路42號', 'natalie_harris', '2025-02-24 03:35:00', '2025-02-24 21:00:00', 'inactive', '$2b$10$r9aAibThlOg08YeexPtopOS5ASLulYwdObA3c3ZOxi8o8LjKlUmBq', NULL, NULL),
(21, 'benjamin.wright@example.com', '555-987-6543', '蕭俊賢', '1992-09-11', 'M', '台北市大安區復興南路一段333號', 'benjamin_wright', '2025-02-24 03:40:00', '2025-02-24 22:00:00', 'active', '$2b$10$Eup7uvTPMX3C46TJZqOJ8ehKl8pSSN6MXebODDcseMEM41sJGtS0G', NULL, NULL),
(22, 'olivia.king@example.com', '555-234-5678', '徐詩涵', '1994-12-23', 'F', '新北市淡水區英專路151號', 'olivia_king', '2025-02-24 03:45:00', '2025-02-24 23:00:00', 'active', '$2b$10$L00DupKhi6Iu7tjKurStAuV58iQixs2y2rT7HgfPTUUMZ6Vapk.ki', NULL, NULL),
(23, 'tyler.johnson@example.com', '555-876-3456', '朱冠宇', '1990-02-08', 'M', '台中市北區三民路三段89號', 'tyler_johnson', '2025-02-24 03:50:00', '2025-02-25 00:00:00', 'suspended', '$2b$10$3kZwQmH5lPkEm2.3k256h.PYcGflbJoDNRuFFrqPrydC3fk4wdrpW', NULL, NULL),
(24, 'grace.brown@example.com', '555-987-7654', '宋雅琪', '1987-11-19', 'F', '高雄市鼓山區美術館路80號', 'grace_brown', '2025-02-24 03:55:00', '2025-02-25 01:00:00', 'active', '$2b$10$czN76q2y0kIck7OMgFrqxelHQVn56GiUsexaoJrIpLpF.maYSN6kC', NULL, NULL),
(25, 'patrick.green@example.com', '555-234-6789', '馬正雄', '1993-04-02', 'M', '台南市安平區建平路236號', 'patrick_green', '2025-02-24 04:00:00', '2025-02-25 02:00:00', 'active', '$2b$10$qgBQpu0OflHQy9T3/Ys.n.Cv3JLnw9bYtxieXH9LpLHhgbWdyMNm.', NULL, NULL),
(26, 'melissa.adams@example.com', '555-765-4321', '鄧芳瑜', '1990-08-30', 'F', '桃園市龜山區文化一路250號', 'melissa_adams', '2025-02-24 04:05:00', '2025-02-25 03:00:00', 'inactive', '$2b$10$i9NddPyUFQjj/d/R54No0utRCCNf/.AfIKsfbj.pAZnk34vZCYlmC', NULL, NULL),
(27, 'james.clark@example.com', '555-876-5432', '孫至剛', '1989-05-19', 'M', '新竹市北區中正路218號', 'james_clark', '2025-02-24 04:10:00', '2025-02-25 04:00:00', 'suspended', '$2b$10$o.rbuhbseKgLjaDAZW25VO50d80otQvcFaXwq2QRFpB5jXvH5RBk6', NULL, NULL),
(28, 'sarah.lee@example.com', '555-234-5678', '胡雅慧', '1991-07-04', 'F', '嘉義市東區中正路210號', 'sarah_lee', '2025-02-24 04:15:00', '2025-02-25 05:00:00', 'active', '$2b$10$YW15Q6hNBcFL43m4.7iTL.9LTscj9otmJU/Cda/Fbp.ItIowCMlI6', NULL, NULL),
(29, 'adam.wilson@example.com', '555-987-6543', '林政宏', '1992-02-15', 'M', '宜蘭縣礁溪鄉礁溪路四段128號', 'adam_wilson', '2025-02-24 04:20:00', '2025-02-25 06:00:00', 'active', '$2b$10$eZSwMcHahgx/57rHGDNDuu/rfW6eZeNQOU6Jb2D8k0Y39fEsKo1f6', NULL, NULL),
(30, 'elizabeth.moore@example.com', '555-234-5678', '陸秀英', '1995-11-18', 'F', '花蓮縣花蓮市中山路一段190號', 'elizabeth_moore', '2025-02-24 04:25:00', '2025-02-25 07:00:00', 'active', '$2b$10$Z2Z.jKxytIC3tmWkJsf7jugWWLHrYYRrIE.zROkNOQVV.QVCruTWW', NULL, NULL),
(31, 'michael.james@example.com', '555-765-4321', '韓建志', '1986-01-12', 'M', '屏東縣屏東市民族路586號', 'michael_james', '2025-02-24 04:30:00', '2025-02-25 08:00:00', 'suspended', '$2b$10$G2nib8tb35dyoDNAEQSoxeKy2sE0SZLV67ha8LnARK.54YF/eIpOu', NULL, NULL),
(32, 'julie.taylor@example.com', '555-987-6543', '江曉玲', '1993-02-09', 'F', '台東縣台東市更生路52號', 'julie_taylor', '2025-02-24 04:35:00', '2025-02-25 09:00:00', 'active', '$2b$10$J4qcNUaeCk7ZU63FDTsdQe.2w0IKqFBEh9dlxk9WRr/70RBE669mK', NULL, NULL),
(33, 'charles.martin@example.com', '555-234-6789', '董志偉', '1990-07-22', 'M', '基隆市信義區深溪路36號', 'charles_martin', '2025-02-24 04:40:00', '2025-02-25 10:00:00', 'inactive', '$2b$10$BCULAmpsuzlrCij2HxPtke1loisIXmj4cKLWtzygccEmHf8QV3qcO', NULL, NULL),
(34, 'maria.anderson@example.com', '555-876-5432', '柯美華', '1988-12-04', 'F', '苗栗縣頭份市信東路59號', 'maria_anderson', '2025-02-24 04:45:00', '2025-02-25 11:00:00', 'active', '$2b$10$z3hduVE3h4E7vBB.fNGe8eK4BStslJHy.RVZkZjtNmPMVZaQcPvxS', NULL, NULL),
(35, 'thomas.jackson@example.com', '555-987-6543', '唐俊豪', '1991-04-05', 'M', '彰化縣員林市三民街143號', 'thomas_jackson', '2025-02-24 04:50:00', '2025-02-25 12:00:00', 'suspended', '$2b$10$P8cz/0xPBwsF1cSzvAnyCeXsAYmWxtz8IJ2S1/GOqty55Sv97OMim', NULL, NULL),
(36, 'katherine.harris@example.com', '555-234-5678', '傅惠如', '1995-10-12', 'F', '雲林縣斗六市雲林路三段257號', 'katherine_harris', '2025-02-24 04:55:00', '2025-02-25 13:00:00', 'active', '$2b$10$xulFAI5dMi5vO6Ue4rZ19uuOFKgF6jmpDw2XKyk00SallH1G2ICGq', NULL, NULL),
(37, 'gregory.smith@example.com', '555-765-4321', '呂志強', '1992-08-14', 'M', '南投縣草屯鎮博愛路228號', 'gregory_smith', '2025-02-24 05:00:00', '2025-02-25 14:00:00', 'inactive', '$2b$10$FiSGYMQ2eK7SbG0aBA0XkeK4gadz1.8oFYQiRIxKCFUDXfOseGRpK', NULL, NULL),
(38, 'veronica.jones@example.com', '555-987-6543', '薛靜怡', '1993-05-02', 'F', '新竹縣湖口鄉中正路一段145號', 'veronica_jones', '2025-02-24 05:05:00', '2025-02-25 15:00:00', 'suspended', '$2b$10$zWGCpEWxc8z4sN.jtN7Sz.WkLcsfR.iT/dO7JEvNByY8O9uzipGpq', NULL, NULL),
(39, 'danielle.white@example.com', '555-234-5678', '賴佳瑩', '1990-12-21', 'F', '澎湖縣馬公市新生路25號', 'danielle_white', '2025-02-24 05:10:00', '2025-02-25 16:00:00', 'active', '$2b$10$mme42NJRxa220QiK6v4QYersfqVQVcpud8ooQmHtwrzUcPckA4/Ha', NULL, NULL),
(40, 'julian.black@example.com', '555-765-4321', '龔威廷', '1988-11-03', 'M', '金門縣金城鎮民權路77號', 'julian_black', '2025-02-24 05:15:00', '2025-02-25 17:00:00', 'active', '$2b$10$XVOR6clQxffIXDf7GOMSrO4WXOXPZHJnVUHxkhjpiGZrt4ryQVdde', NULL, NULL),
(41, 'vernon.clark@example.com', '555-876-5432', '方柏宏', '1992-06-29', 'M', '台北市中山區南京東路二段108號', 'vernon_clark', '2025-02-24 05:20:00', '2025-02-25 18:00:00', 'active', '$2b$10$lmT4VlFisMsDpsNqJLjOnOwi8SU777wFCl0FMlUFJpP5e/mIAz6u2', NULL, NULL),
(42, 'stephanie.smith@example.com', '555-234-5678', '白映潔', '1991-08-09', 'F', '新北市三峽區大學路158號', 'stephanie_smith', '2025-02-24 05:25:00', '2025-02-25 19:00:00', 'suspended', '$2b$10$d6fC6oO2kdktFOsq42M0l..ILOJ3xmJGKm4/1XpoQggKDY2oqiv2q', NULL, NULL),
(43, 'justin.williams@example.com', '555-987-6543', '丁明翰', '1989-09-18', 'M', '台中市南區復興路一段359號', 'justin_williams', '2025-02-24 05:30:00', '2025-02-25 20:00:00', 'active', '$2b$10$UC5qnaJ939Gc.7HgNnawC.VhhcUWt6x./7A3/M9mTRYqArk4T.AR.', NULL, NULL),
(44, 'heather.morris@example.com', '555-765-4321', '石雅芳', '1993-10-21', 'F', '高雄市苓雅區五福一路89號', 'heather_morris', '2025-02-24 05:35:00', '2025-02-25 21:00:00', 'suspended', '$2b$10$oyJ1ieLZ2.POIat1uo9VCOp6MdyKdLuVTozKw9dIKSJygYjcxCBKq', NULL, NULL),
(45, 'steven.jones@example.com', '555-234-5678', '古志文', '1992-03-28', 'M', '台南市北區開元路256號', 'steven_jones', '2025-02-24 05:40:00', '2025-02-25 22:00:00', 'active', '$2b$10$y8RHZzGTYcWNB.ue2jm9ieM8GOFKtA9YDxsGN6OBQUDJLceGv5/T6', NULL, NULL),
(46, 'julia.roberts@example.com', '555-987-6543', '龍美玉', '1991-05-11', 'F', '桃園市平鎮區環南路二段295號', 'julia_roberts', '2025-02-24 05:45:00', '2025-02-25 23:00:00', 'inactive', '$2b$10$vqNDD0J5D9H7GODThxtaUek1bFJsLbP4cWBdQ8KO48hsgdyfD6/6G', NULL, NULL),
(47, 'barbara.wilson@example.com', '555-765-4321', '符玉蘭', '1988-10-01', 'F', '新竹市香山區中華路五段122號', 'barbara_wilson', '2025-02-24 05:50:00', '2025-02-26 00:00:00', 'active', '$2b$10$SLwO1A9np8q1ahD4yZOMReHZCUW8072tpl8.jdjORzWKkK4dGQOAa', NULL, NULL),
(48, 'henry.brown@example.com', '555-234-5678', '范家榮', '1994-12-15', 'M', '嘉義市西區興業西路369號', 'henry_brown', '2025-02-24 05:55:00', '2025-02-26 01:00:00', 'inactive', '$2b$10$9tb05VvuUzpp9dVcKESgZ.C/r48EKnjk6YzOxK40v62kFSGPTuwgm', NULL, NULL),
(49, 'laura.scott@example.com', '555-987-6543', '盧雅文', '1992-09-08', 'F', '宜蘭縣羅東鎮興東路195號', 'laura_scott', '2025-02-24 06:00:00', '2025-02-26 02:00:00', 'active', '$2b$10$mHC9NhOJO2S4rS8lqTHPqOgsSnPjZWdnjxZkNkrZ9ErYFJDT1R716', NULL, NULL),
(50, 'william.miller@example.com', '0955442657', '藍志成', '1987-04-13', 'Other', '花蓮縣吉安鄉中華路二段175號', 'william', '2025-02-24 06:05:00', '2025-02-26 03:00:00', 'active', '$2b$10$2NCGFNI08jiDETkSJx13b.iKWzWnjxFKOW1aDaHI.GIzxzRUCiTFS', '/uploads/avatars/22466ca0-0e98-4e92-a2e1-5f424b20ea82.png', '2025-05-30 14:41:59'),
(52, '5566vw@gmail.com', '0955555555', '吳大王', '2025-02-26', 'Other', 'MYHOME', 'BANG', NULL, NULL, 'active', '$2b$10$be28bicfAnz/rhxQXefYDOHO6Z3erSLObxMCOcLRrWRNLZpAXJ/Hu', NULL, NULL),
(54, 'abc@test.com', NULL, 'AA', '1998-06-17', 'Other', NULL, 'AAA', NULL, NULL, 'active', '$2b$10$L8C8SttnqxqjiCQX2x0qIeYMBKCEkkFWEf29UbkmiDgkI.MW9Qu0e', NULL, NULL),
(55, 'abc@gmail.com', '0988888888', 'ABC', '2025-03-26', 'Other', NULL, 'ABC', NULL, NULL, 'active', '$2b$10$bpyzVSGj3SyKHbB8k89bmOQaqnyuZcDpmGnmUH.nULzIraNMrIKkm', NULL, NULL),
(57, 'dog@gmai.com', '098883654', 'AAA', '2024-02-24', 'F', 'AAA', 'abdddd', NULL, NULL, 'active', '$2b$10$gCZO1BxaCfOreGtggddorOgpIxbQ8WJ/1xUMdF9oADTwWIg4o0I.6', NULL, NULL),
(59, '123@test.com', '0988', 'ABC', '2025-03-07', 'M', 'ABC', 'ABCDEF', NULL, NULL, 'inactive', '$2b$10$ITN1uLUEMt8XFbdZerb9J.TGpwa/4GQXGe2qGgHrp4XAHDTX6gptS', NULL, NULL),
(61, 'dogg@gmail.com', '0988', '阿狗喔', '2025-03-06', 'M', 'MYHOME', '5566VWA', '2025-03-11 03:34:52', '2025-03-11 03:34:52', 'active', '$2b$10$2OyHlvh1.evH4hGq.P/DEuepzRbOOdQN7OHYQncEU4pvdKPksgFue', NULL, NULL),
(63, 'abcFFC@gmail.com', '0988', '阿狗哥', '2025-03-08', 'M', 'HOME', '5566VWA', '2025-03-11 03:36:50', '2025-03-11 03:36:50', 'active', '$2b$10$H1BF8LyjxYXg5CGf3Bc5Queo48OSL8ks73/U7QEJYotgUPZFQ78G.', NULL, NULL),
(65, 'Karta123@gmail.com', '0912345678', '李大同', '1991-02-21', 'M', '台灣', '超級奇怪', '2025-05-21 04:31:50', NULL, 'active', '$2b$10$Uvl24eK2LX/VghOsbRPKluwFBuNzakraUrMvkTdc831WGira8CWHm', NULL, NULL),
(66, 'zxc12345@test.com', '0912456789', '李仔賀', '1996-04-09', NULL, '沒有住家', '跑跑FAKER', '2025-05-21 04:43:11', NULL, 'active', '$2b$10$0p9TFY1qFo1a9Q3xf9svS.uj7Nvb8HxfdpKmqJE95HQaB3uxj4OEu', NULL, NULL),
(67, 'Karta1996@gmail.com', '0955412365', '劉昶亨', '1996-04-01', 'M', '屏東縣998號', 'Karta1996', '2025-05-25 03:02:25', NULL, 'active', '$2b$10$glAIH4RuiJsoyg2gjkUT8u8kuHOJhtYXAV220eopJ/XclerecPvby', '/uploads/avatars/da2776dd-2d4b-4198-a651-d2d5efc12b79.png', '2025-05-30 14:55:54');

-- --------------------------------------------------------

--
-- 資料表結構 `user_feedbacks`
--

CREATE TABLE `user_feedbacks` (
  `id` int NOT NULL,
  `img` varchar(255) DEFAULT NULL,
  `user_id` int DEFAULT NULL,
  `recipes_id` bigint UNSIGNED DEFAULT NULL,
  `is_like` tinyint(1) DEFAULT NULL COMMENT '1代表讚，0代表沒按讚',
  `title` varchar(255) DEFAULT NULL,
  `context` text COMMENT '使用者輸入的表單內容',
  `created_at` timestamp NULL DEFAULT CURRENT_TIMESTAMP
) ENGINE=InnoDB DEFAULT CHARSET=utf8mb4 COLLATE=utf8mb4_0900_ai_ci;

--
-- 傾印資料表的資料 `user_feedbacks`
--

INSERT INTO `user_feedbacks` (`id`, `img`, `user_id`, `recipes_id`, `is_like`, `title`, `context`, `created_at`) VALUES
(1, 'feedback_img_1.jpg', 12, 45, 1, '美味醬汁大加分', '這道菜真的太好吃了！我喜歡醬汁的味道，家人也都很喜歡。', '2024-12-04 22:23:11'),
(2, 'feedback_img_2.jpg', 7, 21, 1, '簡單易做且味道出色', '步驟很清楚，容易跟著做。我加了一點辣椒，味道更棒了！', '2025-01-09 17:45:32'),
(3, 'feedback_img_3.jpg', 29, 8, 0, '份量說明需要優化', '份量說明不夠清楚，我做出來的味道太鹹了，希望能更新一下配方。', '2025-01-18 00:37:45'),
(4, 'feedback_img_4.jpg', 35, 13, 1, '令人驚豔的家常菜', '感謝分享這個食譜！完全沒想到家常菜可以這麼美味。', '2025-01-29 20:14:27'),
(5, 'feedback_img_5.jpg', 3, 47, 1, '屢試不爽的家庭招牌菜', '已經做了三次了，每次都很成功。這已經成為我家的招牌菜了！', '2025-02-07 02:52:09'),
(6, 'feedback_img_6.jpg', 18, 33, 0, '烹飪時間需更新', '烹飪時間比說明的長很多，建議更新一下預計時間。成品味道不錯。', '2025-02-12 04:11:36'),
(7, 'feedback_img_7.jpg', 44, 19, 1, '新手友善的完美食譜', '非常適合新手嘗試的食譜，簡單又美味。感謝分享！', '2025-02-23 16:27:53'),
(8, 'feedback_img_8.jpg', 22, 5, 1, '靈活多變的基礎配方', '我用了不同的香料，但還是很好吃。這個基礎配方很棒！', '2025-03-04 23:40:18'),
(9, 'feedback_img_9.jpg', 9, 42, 1, '專業級的家庭料理', '太驚艷了！我沒想到自己能做出這麼專業的料理。朋友都要求我分享這個食譜。', '2025-03-10 19:32:07'),
(10, 'feedback_img_10.jpg', 31, 27, 0, '食材替代建議', '食材有點難找，希望能提供替代品建議。最後只好自己換了材料，味道可能和原版不同。', '2025-03-21 21:19:44'),
(11, NULL, 16, 39, 1, '簡單美味值得推薦', '沒拍照，但真的很美味！步驟簡單明瞭，一看就懂。會推薦給朋友。', '2025-03-30 01:05:38'),
(12, 'feedback_img_12.jpg', 41, 11, 1, '新手也能成功的美味料理', '第一次嘗試這道菜，出乎意料的成功！家人都說好吃，收藏了！', '2025-04-02 05:23:51'),
(13, 'feedback_img_13.jpg', 5, 36, 0, '糖量需調整但整體不錯', '味道太甜了，下次會減少糖的用量。其他都很完美。', '2025-04-07 18:58:14'),
(14, 'feedback_img_14.jpg', 27, 29, 1, '忙碌日子的完美晚餐', '這道菜省時又美味，很適合忙碌的工作日晚餐。我家小孩超愛！', '2025-04-10 03:42:33'),
(15, 'feedback_img_15.jpg', 38, 7, 1, '零失誤的絕佳食譜', '完美的食譜！照著做完全不會出錯，而且味道絕佳。', '2025-04-12 22:36:27'),
(16, NULL, 14, 44, 0, '難度標示需調整', '烹調難度比我想像的高，建議標示為中級難度而非初級。成品還可以，但不是很滿意。', '2025-04-16 06:09:12'),
(17, 'feedback_img_17.jpg', 25, 17, 1, '神奇萬用醬料配方', '這個醬料配方太神奇了！我已經開始用在其他料理上了。', '2025-04-18 16:51:36'),
(18, 'feedback_img_18.jpg', 10, 26, 1, '簡單卻美味的料理', '簡單但很美味！這證明好料理不需要太複雜。', '2025-04-21 00:40:05'),
(19, 'feedback_img_19.jpg', 33, 48, 1, '朋友都想要的美味食譜', '我做給朋友吃，他們都要求我分享食譜。真的非常美味！', '2025-04-23 19:27:58'),
(20, 'feedback_img_20.jpg', 19, 15, 0, '烹飪時間太長味道普通', '我覺得烹飪時間太長了，味道還好。可能不會再做第二次。', '2025-04-26 02:12:43'),
(21, 'feedback_img_21.jpg', 15, 1, 1, '香氣四溢的蒜香奶油義大利麵', '這是我第一次做蒜香奶油義大利麵，香氣撲鼻！大蒜的香氣完美融合在奶油醬汁中，全家都愛上了這道菜。', '2025-04-27 06:32:18'),
(22, 'feedback_img_22.jpg', 28, 1, 1, '辣椒提味更上層樓', '我加了一點辣椒片提味，蒜香奶油義大利麵變得更有層次！非常推薦這個簡單又美味的食譜。', '2025-04-28 01:15:46'),
(23, NULL, 36, 1, 1, '屢試不爽的拿手菜', '第三次做這道蒜香奶油義大利麵了，每次都成功！這已經成為我的拿手菜之一。', '2025-04-29 10:27:33'),
(24, 'feedback_img_24.jpg', 17, 3, 1, '完美比例的照燒雞腿', '照燒醬汁的比例剛剛好，雞腿烤得外酥內嫩。搭配白飯簡直是絕配！', '2025-04-30 04:43:57'),
(25, 'feedback_img_25.jpg', 23, 6, 1, '勝過餐廳的道地麻婆豆腐', '超級道地的麻婆豆腐！麻辣程度恰到好處，香氣四溢。我的家人都說比餐廳的還好吃！', '2025-04-30 23:22:15'),
(26, 'feedback_img_26.jpg', 42, 10, 1, '新手也能成功的酥脆蘋果派', '蘋果派的外皮酥脆，內餡香甜不膩。我第一次做甜點就成功了，真的很感謝這個詳細的食譜！', '2025-05-01 07:38:24'),
(27, NULL, 8, 14, 1, '讓客人讚不絕口的提拉米蘇', '家裡來客人時做了這個提拉米蘇，大家都讚不絕口！咖啡香氣和起司的結合完美無缺。', '2025-05-01 12:56:12'),
(28, 'feedback_img_28.jpg', 30, 19, 0, '漢堡製作需要技巧', '漢堡做起來比想像中複雜，肉排有點太乾了。可能是我烹飪時間掌握不好，下次會調整。', '2025-05-02 02:17:39'),
(29, 'feedback_img_29.jpg', 39, 22, 1, '驚艷口感的巧克力熔岩蛋糕', '巧克力熔岩蛋糕的口感太驚人了！外酥內軟，巧克力醬流出來的那一刻真的很滿足。', '2025-05-02 05:45:26'),
(30, 'feedback_img_30.jpg', 20, 24, 1, '完美比例的豐富千層麵', '這道千層麵真的很豐富！醬料、起司和麵條的比例完美，雖然準備時間久了點，但絕對值得。', '2025-05-02 08:33:08'),
(31, NULL, 11, 27, 1, '道地台灣味的滷肉飯', '道地的台式滷肉飯！香噴噴的滷肉搭配白飯，就是台灣的味道。想家的時候做這道菜特別有感覺。', '2025-05-02 11:21:54'),
(32, 'feedback_img_32.jpg', 26, 32, 1, '全家最愛的酥嫩炸豬排', '炸豬排外酥內嫩，搭配的醬汁也很美味。全家都很喜歡這道料理！', '2025-05-03 00:14:37'),
(33, 'feedback_img_33.jpg', 37, 36, 1, '勝過外送的自製披薩', '在家自製的披薩竟然比外送的還好吃！餅皮鬆軟有嚼勁，起司和配料的比例剛剛好。', '2025-05-03 03:29:52'),
(34, NULL, 13, 38, 1, '朋友稱讚的綿密起司蛋糕', '這個起司蛋糕太驚艷了！口感綿密細緻，香氣四溢。我朋友都說這是他們吃過最好吃的起司蛋糕！', '2025-05-03 06:47:25'),
(35, 'feedback_img_35.jpg', 24, 40, 1, '冬日幸福的法式洋蔥湯', '法式洋蔥湯的香氣太迷人了！洋蔥的甜味和起司的香氣完美融合，冬天喝最幸福。', '2025-05-03 09:56:18'),
(36, 'feedback_img_36.jpg', 43, 41, 0, '香料豐富但辣度需調整', '印尼炒飯對我來說太辣了，可能會建議調整辣度。不過香料的味道很豐富，基本上還不錯。', '2025-05-03 13:08:43'),
(37, NULL, 6, 43, 1, '重現英國傳統的酥脆炸魚薯條', '炸魚薯條酥脆可口，魚肉鮮嫩多汁，薯條外酥內軟。完全重現了英國的傳統美食！', '2025-05-04 01:23:17'),
(38, 'feedback_img_38.jpg', 21, 47, 1, '新手也能成功的神奇舒芙蕾', '舒芙蕾的口感太神奇了！外酥內軟，入口即化。我第一次嘗試烘焙就成功了！', '2025-05-04 04:45:32'),
(39, 'feedback_img_39.jpg', 34, 48, 1, '道地墨西哥風味的豐富捲餅', '捲餅的辣味適中，餡料豐富多汁。完美的墨西哥風味，家人都讚不絕口！', '2025-05-04 07:17:26'),
(40, NULL, 45, 50, 1, '幸福早餐的完美比利時鬆餅', '比利時鬆餅的外酥內軟完美呈現！搭配新鮮水果和楓糖漿，早餐吃這個幸福感滿滿。', '2025-05-04 10:36:44'),
(41, 'feedback_img_41.jpg', 32, 2, 1, '平衡絕佳的道地泰式酸辣湯', '泰式酸辣湯的味道太道地了！酸甜辣的平衡掌握得恰到好處，每一口都充滿驚喜。', '2025-05-04 13:54:19'),
(42, 'feedback_img_42.jpg', 40, 4, 1, '香氣迷人的絲滑松露蘑菇湯', '松露蘑菇湯的香氣真的很迷人！絲滑的口感和濃郁的味道，讓人一口接一口。', '2025-05-05 00:25:37'),
(43, NULL, 4, 9, 1, '健康美味的檸檬烤鮭魚', '檸檬烤鮭魚清新爽口，魚肉鮮嫩多汁。這是我的減脂餐首選，既健康又美味！', '2025-05-05 03:42:16'),
(44, 'feedback_img_44.jpg', 46, 12, 1, '冬日暖心的濃郁南瓜濃湯', '南瓜濃湯的口感順滑，風味濃郁。在寒冷的冬天喝上一碗，整個人都暖和起來了！', '2025-05-05 06:33:28'),
(45, 'feedback_img_45.jpg', 1, 16, 1, '簡單多變的法式可麗餅', '法式可麗餅做起來比想像中簡單！薄皮軟糯，搭配不同的內餡變化多端。全家都很喜歡！', '2025-05-05 09:21:35'),
(46, NULL, 47, 20, 1, '值得等待的匈牙利紅椒燉牛肉', '雖然烹飪時間久了點，但匈牙利紅椒燉牛肉的味道值得等待！牛肉燉得入口即化，醬汁濃郁不膩。', '2025-05-05 12:18:43'),
(47, 'feedback_img_47.jpg', 2, 23, 1, '不輸餐廳的濃郁拉麵', '拉麵湯頭熬煮得很成功！濃郁不膩，麵條彈牙有嚼勁。叉燒也很嫩，完全不輸餐廳！', '2025-05-05 15:05:29'),
(48, 'feedback_img_48.jpg', 48, 25, 1, '香氣四溢的驚艷摩洛哥塔吉鍋', '摩洛哥塔吉鍋的香氣四溢，肉質軟嫩，蔬菜入味。雖然烹飪時間較長，但成品真的很驚艷！', '2025-05-06 01:26:14'),
(49, NULL, 49, 30, 1, '成為拿手菜的濃郁海鮮燉飯', '海鮮燉飯濃郁香醇，海鮮新鮮，米飯燉得恰到好處。這已經成為我的拿手菜之一！', '2025-05-06 04:44:27'),
(50, 'feedback_img_50.jpg', 50, 34, 1, '完美平衡的酸甜檸檬塔', '檸檬塔的酸甜比例掌握得很好！餡料滑順，餅皮酥脆。這是我烘焙以來最成功的作品！', '2025-05-06 07:37:50'),
(51, NULL, NULL, NULL, NULL, '測試01', '測試01', '2025-05-08 12:38:24'),
(52, NULL, 50, 5, NULL, '05食譜的測試', '05食譜的測試', '2025-05-08 15:08:02'),
(53, NULL, 50, 5, 1, '食譜05是否喜歡的測試', '食譜05是否喜歡的測試', '2025-05-08 15:26:34'),
(54, NULL, 38, 1, 1, '食譜01', '食譜01', '2025-05-09 02:14:47'),
(55, NULL, 38, 34, 1, '測試食譜34評論', '測試食譜34評論', '2025-05-10 18:02:07');

-- --------------------------------------------------------

--
-- 資料表結構 `user_recipe_id`
--

CREATE TABLE `user_recipe_id` (
  `user_recipe_id` bigint NOT NULL,
  `recipe_id` int NOT NULL,
  `user_id` int NOT NULL
) ENGINE=InnoDB DEFAULT CHARSET=utf8mb4 COLLATE=utf8mb4_0900_ai_ci;

--
-- 傾印資料表的資料 `user_recipe_id`
--

INSERT INTO `user_recipe_id` (`user_recipe_id`, `recipe_id`, `user_id`) VALUES
(1, 1, 3),
(2, 2, 5),
(3, 3, 2),
(4, 4, 7),
(5, 5, 4),
(6, 6, 8),
(7, 7, 6),
(8, 8, 5),
(9, 9, 3),
(10, 10, 9),
(11, 11, 2),
(12, 12, 4),
(13, 13, 7),
(14, 14, 9),
(15, 15, 8),
(16, 16, 5),
(17, 17, 2),
(18, 18, 3),
(19, 19, 6),
(20, 20, 7),
(21, 21, 4),
(22, 22, 9),
(23, 23, 2),
(24, 24, 5),
(25, 25, 8),
(26, 26, 7),
(27, 27, 3),
(28, 28, 6),
(29, 29, 4),
(30, 30, 5),
(31, 31, 4),
(32, 32, 3),
(33, 33, 8),
(34, 34, 9),
(35, 35, 2),
(36, 36, 5),
(37, 37, 7),
(38, 38, 9),
(39, 39, 2),
(40, 40, 8),
(41, 41, 4),
(42, 42, 6),
(43, 43, 3),
(44, 44, 9),
(45, 45, 4),
(46, 46, 5),
(47, 47, 9),
(48, 48, 6),
(49, 49, 7),
(50, 50, 9),
(55, 58, 2),
(56, 59, 2),
(57, 61, 2),
(58, 62, 2),
(59, 63, 23),
(60, 67, 5),
(61, 68, 32),
(62, 69, 5),
(63, 75, 56),
(64, 76, 23);

--
-- 已傾印資料表的索引
--

--
-- 資料表索引 `admin_logs`
--
ALTER TABLE `admin_logs`
  ADD PRIMARY KEY (`id`);

--
-- 資料表索引 `carts`
--
ALTER TABLE `carts`
  ADD PRIMARY KEY (`cart_id`),
  ADD UNIQUE KEY `idx_user_product` (`user_id`,`product_id`);

--
-- 資料表索引 `categories`
--
ALTER TABLE `categories`
  ADD PRIMARY KEY (`category_id`);

--
-- 資料表索引 `categories_sc`
--
ALTER TABLE `categories_sc`
  ADD PRIMARY KEY (`id`),
  ADD UNIQUE KEY `name` (`name`);

--
-- 資料表索引 `chatmessages`
--
ALTER TABLE `chatmessages`
  ADD PRIMARY KEY (`id`),
  ADD KEY `user_id` (`user_id`);

--
-- 資料表索引 `condiments`
--
ALTER TABLE `condiments`
  ADD PRIMARY KEY (`condiment_id`),
  ADD UNIQUE KEY `condiment_id` (`condiment_id`),
  ADD KEY `product_id` (`product_id`);

--
-- 資料表索引 `contactus`
--
ALTER TABLE `contactus`
  ADD PRIMARY KEY (`id`);

--
-- 資料表索引 `dishes`
--
ALTER TABLE `dishes`
  ADD PRIMARY KEY (`id`),
  ADD KEY `restaurant_id` (`restaurant_id`);

--
-- 資料表索引 `favorites`
--
ALTER TABLE `favorites`
  ADD PRIMARY KEY (`id`),
  ADD UNIQUE KEY `user_id` (`user_id`,`recipe_id`),
  ADD KEY `recipe_id` (`recipe_id`);

--
-- 資料表索引 `food_products`
--
ALTER TABLE `food_products`
  ADD PRIMARY KEY (`id`);

--
-- 資料表索引 `ingredients`
--
ALTER TABLE `ingredients`
  ADD PRIMARY KEY (`ingredient_id`),
  ADD UNIQUE KEY `ingredient_id` (`ingredient_id`),
  ADD KEY `product_id` (`product_id`);

--
-- 資料表索引 `members`
--
ALTER TABLE `members`
  ADD PRIMARY KEY (`member_id`),
  ADD UNIQUE KEY `email` (`email`);

--
-- 資料表索引 `members_history`
--
ALTER TABLE `members_history`
  ADD PRIMARY KEY (`id`);

--
-- 資料表索引 `news`
--
ALTER TABLE `news`
  ADD PRIMARY KEY (`id`);

--
-- 資料表索引 `orders`
--
ALTER TABLE `orders`
  ADD PRIMARY KEY (`order_id`),
  ADD KEY `user_id` (`user_id`);

--
-- 資料表索引 `order_items`
--
ALTER TABLE `order_items`
  ADD PRIMARY KEY (`order_item_id`),
  ADD KEY `order_id` (`order_id`),
  ADD KEY `product_id` (`product_id`);

--
-- 資料表索引 `pma__bookmark`
--
ALTER TABLE `pma__bookmark`
  ADD PRIMARY KEY (`id`);

--
-- 資料表索引 `pma__central_columns`
--
ALTER TABLE `pma__central_columns`
  ADD PRIMARY KEY (`db_name`,`col_name`);

--
-- 資料表索引 `pma__column_info`
--
ALTER TABLE `pma__column_info`
  ADD PRIMARY KEY (`id`),
  ADD UNIQUE KEY `db_name` (`db_name`,`table_name`,`column_name`);

--
-- 資料表索引 `pma__designer_settings`
--
ALTER TABLE `pma__designer_settings`
  ADD PRIMARY KEY (`username`);

--
-- 資料表索引 `pma__export_templates`
--
ALTER TABLE `pma__export_templates`
  ADD PRIMARY KEY (`id`),
  ADD UNIQUE KEY `u_user_type_template` (`username`,`export_type`,`template_name`);

--
-- 資料表索引 `pma__favorite`
--
ALTER TABLE `pma__favorite`
  ADD PRIMARY KEY (`username`);

--
-- 資料表索引 `pma__history`
--
ALTER TABLE `pma__history`
  ADD PRIMARY KEY (`id`),
  ADD KEY `username` (`username`,`db`,`table`,`timevalue`);

--
-- 資料表索引 `pma__navigationhiding`
--
ALTER TABLE `pma__navigationhiding`
  ADD PRIMARY KEY (`username`,`item_name`,`item_type`,`db_name`,`table_name`);

--
-- 資料表索引 `pma__pdf_pages`
--
ALTER TABLE `pma__pdf_pages`
  ADD PRIMARY KEY (`page_nr`),
  ADD KEY `db_name` (`db_name`);

--
-- 資料表索引 `pma__recent`
--
ALTER TABLE `pma__recent`
  ADD PRIMARY KEY (`username`);

--
-- 資料表索引 `pma__relation`
--
ALTER TABLE `pma__relation`
  ADD PRIMARY KEY (`master_db`,`master_table`,`master_field`),
  ADD KEY `foreign_field` (`foreign_db`,`foreign_table`);

--
-- 資料表索引 `pma__savedsearches`
--
ALTER TABLE `pma__savedsearches`
  ADD PRIMARY KEY (`id`),
  ADD UNIQUE KEY `u_savedsearches_username_dbname` (`username`,`db_name`,`search_name`);

--
-- 資料表索引 `pma__table_coords`
--
ALTER TABLE `pma__table_coords`
  ADD PRIMARY KEY (`db_name`,`table_name`,`pdf_page_number`);

--
-- 資料表索引 `pma__table_info`
--
ALTER TABLE `pma__table_info`
  ADD PRIMARY KEY (`db_name`,`table_name`);

--
-- 資料表索引 `pma__table_uiprefs`
--
ALTER TABLE `pma__table_uiprefs`
  ADD PRIMARY KEY (`username`,`db_name`,`table_name`);

--
-- 資料表索引 `pma__tracking`
--
ALTER TABLE `pma__tracking`
  ADD PRIMARY KEY (`db_name`,`table_name`,`version`);

--
-- 資料表索引 `pma__userconfig`
--
ALTER TABLE `pma__userconfig`
  ADD PRIMARY KEY (`username`);

--
-- 資料表索引 `pma__usergroups`
--
ALTER TABLE `pma__usergroups`
  ADD PRIMARY KEY (`usergroup`,`tab`,`allowed`);

--
-- 資料表索引 `pma__users`
--
ALTER TABLE `pma__users`
  ADD PRIMARY KEY (`username`,`usergroup`);

--
-- 資料表索引 `product_favorites`
--
ALTER TABLE `product_favorites`
  ADD PRIMARY KEY (`id`),
  ADD UNIQUE KEY `user_id` (`user_id`,`product_id`),
  ADD KEY `product_id` (`product_id`);

--
-- 資料表索引 `product_reviews`
--
ALTER TABLE `product_reviews`
  ADD PRIMARY KEY (`review_id`),
  ADD KEY `product_id` (`product_id`);

--
-- 資料表索引 `qanda`
--
ALTER TABLE `qanda`
  ADD PRIMARY KEY (`id`);

--
-- 資料表索引 `recipes`
--
ALTER TABLE `recipes`
  ADD PRIMARY KEY (`id`),
  ADD UNIQUE KEY `recipe_id` (`id`);

--
-- 資料表索引 `recipe_category`
--
ALTER TABLE `recipe_category`
  ADD PRIMARY KEY (`recipe_id`,`category_id`),
  ADD KEY `category_id` (`category_id`);

--
-- 資料表索引 `recipe_country`
--
ALTER TABLE `recipe_country`
  ADD PRIMARY KEY (`recipe_id`,`country_id`);

--
-- 資料表索引 `recipe_tags`
--
ALTER TABLE `recipe_tags`
  ADD PRIMARY KEY (`recipe_id`,`tag_id`);

--
-- 資料表索引 `related_recipes`
--
ALTER TABLE `related_recipes`
  ADD PRIMARY KEY (`id`),
  ADD KEY `recipe_id` (`recipe_id`),
  ADD KEY `related_recipe_id` (`related_recipe_id`);

--
-- 資料表索引 `related_restaurants`
--
ALTER TABLE `related_restaurants`
  ADD PRIMARY KEY (`id`),
  ADD KEY `source_restaurant_id` (`source_restaurant_id`),
  ADD KEY `related_restaurant_id` (`related_restaurant_id`);

--
-- 資料表索引 `restaurants`
--
ALTER TABLE `restaurants`
  ADD PRIMARY KEY (`id`);

--
-- 資料表索引 `sessions`
--
ALTER TABLE `sessions`
  ADD PRIMARY KEY (`session_id`);

--
-- 資料表索引 `steps`
--
ALTER TABLE `steps`
  ADD PRIMARY KEY (`step_id`),
  ADD UNIQUE KEY `step_id` (`step_id`);

--
-- 資料表索引 `tags`
--
ALTER TABLE `tags`
  ADD PRIMARY KEY (`tag_id`),
  ADD UNIQUE KEY `tag_id` (`tag_id`);

--
-- 資料表索引 `users`
--
ALTER TABLE `users`
  ADD PRIMARY KEY (`user_id`),
  ADD UNIQUE KEY `email` (`email`),
  ADD KEY `idx_email` (`email`),
  ADD KEY `idx_username` (`username`),
  ADD KEY `username` (`username`) USING BTREE;

--
-- 資料表索引 `user_feedbacks`
--
ALTER TABLE `user_feedbacks`
  ADD PRIMARY KEY (`id`),
  ADD KEY `user_id` (`user_id`),
  ADD KEY `user_feedbacks_ibfk_2` (`recipes_id`);

--
-- 資料表索引 `user_recipe_id`
--
ALTER TABLE `user_recipe_id`
  ADD PRIMARY KEY (`user_recipe_id`),
  ADD KEY `recipe_id` (`recipe_id`,`user_id`);

--
-- 在傾印的資料表使用自動遞增(AUTO_INCREMENT)
--

--
-- 使用資料表自動遞增(AUTO_INCREMENT) `admin_logs`
--
ALTER TABLE `admin_logs`
  MODIFY `id` int NOT NULL AUTO_INCREMENT, AUTO_INCREMENT=9;

--
-- 使用資料表自動遞增(AUTO_INCREMENT) `carts`
--
ALTER TABLE `carts`
  MODIFY `cart_id` int NOT NULL AUTO_INCREMENT, AUTO_INCREMENT=114;

--
-- 使用資料表自動遞增(AUTO_INCREMENT) `categories`
--
ALTER TABLE `categories`
  MODIFY `category_id` int NOT NULL AUTO_INCREMENT, AUTO_INCREMENT=8;

--
-- 使用資料表自動遞增(AUTO_INCREMENT) `categories_sc`
--
ALTER TABLE `categories_sc`
  MODIFY `id` int UNSIGNED NOT NULL AUTO_INCREMENT, AUTO_INCREMENT=9;

--
-- 使用資料表自動遞增(AUTO_INCREMENT) `chatmessages`
--
ALTER TABLE `chatmessages`
  MODIFY `id` int NOT NULL AUTO_INCREMENT, AUTO_INCREMENT=53;

--
-- 使用資料表自動遞增(AUTO_INCREMENT) `condiments`
--
ALTER TABLE `condiments`
  MODIFY `condiment_id` bigint UNSIGNED NOT NULL AUTO_INCREMENT, AUTO_INCREMENT=145;

--
-- 使用資料表自動遞增(AUTO_INCREMENT) `contactus`
--
ALTER TABLE `contactus`
  MODIFY `id` int NOT NULL AUTO_INCREMENT, AUTO_INCREMENT=46;

--
-- 使用資料表自動遞增(AUTO_INCREMENT) `dishes`
--
ALTER TABLE `dishes`
  MODIFY `id` int NOT NULL AUTO_INCREMENT, AUTO_INCREMENT=61;

--
-- 使用資料表自動遞增(AUTO_INCREMENT) `favorites`
--
ALTER TABLE `favorites`
  MODIFY `id` int NOT NULL AUTO_INCREMENT, AUTO_INCREMENT=78;

--
-- 使用資料表自動遞增(AUTO_INCREMENT) `food_products`
--
ALTER TABLE `food_products`
  MODIFY `id` int NOT NULL AUTO_INCREMENT, AUTO_INCREMENT=1086;

--
-- 使用資料表自動遞增(AUTO_INCREMENT) `ingredients`
--
ALTER TABLE `ingredients`
  MODIFY `ingredient_id` bigint UNSIGNED NOT NULL AUTO_INCREMENT, AUTO_INCREMENT=460;

--
-- 使用資料表自動遞增(AUTO_INCREMENT) `members`
--
ALTER TABLE `members`
  MODIFY `member_id` int NOT NULL AUTO_INCREMENT, AUTO_INCREMENT=10;

--
-- 使用資料表自動遞增(AUTO_INCREMENT) `members_history`
--
ALTER TABLE `members_history`
  MODIFY `id` int NOT NULL AUTO_INCREMENT, AUTO_INCREMENT=164;

--
-- 使用資料表自動遞增(AUTO_INCREMENT) `news`
--
ALTER TABLE `news`
  MODIFY `id` int NOT NULL AUTO_INCREMENT, AUTO_INCREMENT=11;

--
-- 使用資料表自動遞增(AUTO_INCREMENT) `orders`
--
ALTER TABLE `orders`
  MODIFY `order_id` int NOT NULL AUTO_INCREMENT, AUTO_INCREMENT=7031;

--
-- 使用資料表自動遞增(AUTO_INCREMENT) `order_items`
--
ALTER TABLE `order_items`
  MODIFY `order_item_id` int NOT NULL AUTO_INCREMENT, AUTO_INCREMENT=94;

--
-- 使用資料表自動遞增(AUTO_INCREMENT) `pma__bookmark`
--
ALTER TABLE `pma__bookmark`
  MODIFY `id` int UNSIGNED NOT NULL AUTO_INCREMENT;

--
-- 使用資料表自動遞增(AUTO_INCREMENT) `pma__column_info`
--
ALTER TABLE `pma__column_info`
  MODIFY `id` int UNSIGNED NOT NULL AUTO_INCREMENT;

--
-- 使用資料表自動遞增(AUTO_INCREMENT) `pma__export_templates`
--
ALTER TABLE `pma__export_templates`
  MODIFY `id` int UNSIGNED NOT NULL AUTO_INCREMENT;

--
-- 使用資料表自動遞增(AUTO_INCREMENT) `pma__history`
--
ALTER TABLE `pma__history`
  MODIFY `id` bigint UNSIGNED NOT NULL AUTO_INCREMENT;

--
-- 使用資料表自動遞增(AUTO_INCREMENT) `pma__pdf_pages`
--
ALTER TABLE `pma__pdf_pages`
  MODIFY `page_nr` int UNSIGNED NOT NULL AUTO_INCREMENT;

--
-- 使用資料表自動遞增(AUTO_INCREMENT) `pma__savedsearches`
--
ALTER TABLE `pma__savedsearches`
  MODIFY `id` int UNSIGNED NOT NULL AUTO_INCREMENT;

--
-- 使用資料表自動遞增(AUTO_INCREMENT) `product_favorites`
--
ALTER TABLE `product_favorites`
  MODIFY `id` int NOT NULL AUTO_INCREMENT, AUTO_INCREMENT=6;

--
-- 使用資料表自動遞增(AUTO_INCREMENT) `product_reviews`
--
ALTER TABLE `product_reviews`
  MODIFY `review_id` int NOT NULL AUTO_INCREMENT, AUTO_INCREMENT=162;

--
-- 使用資料表自動遞增(AUTO_INCREMENT) `qanda`
--
ALTER TABLE `qanda`
  MODIFY `id` int NOT NULL AUTO_INCREMENT, AUTO_INCREMENT=13;

--
-- 使用資料表自動遞增(AUTO_INCREMENT) `recipes`
--
ALTER TABLE `recipes`
  MODIFY `id` bigint UNSIGNED NOT NULL AUTO_INCREMENT, AUTO_INCREMENT=51;

--
-- 使用資料表自動遞增(AUTO_INCREMENT) `related_recipes`
--
ALTER TABLE `related_recipes`
  MODIFY `id` int NOT NULL AUTO_INCREMENT, AUTO_INCREMENT=216;

--
-- 使用資料表自動遞增(AUTO_INCREMENT) `related_restaurants`
--
ALTER TABLE `related_restaurants`
  MODIFY `id` int NOT NULL AUTO_INCREMENT, AUTO_INCREMENT=31;

--
-- 使用資料表自動遞增(AUTO_INCREMENT) `restaurants`
--
ALTER TABLE `restaurants`
  MODIFY `id` int NOT NULL AUTO_INCREMENT, AUTO_INCREMENT=11;

--
-- 使用資料表自動遞增(AUTO_INCREMENT) `steps`
--
ALTER TABLE `steps`
  MODIFY `step_id` bigint UNSIGNED NOT NULL AUTO_INCREMENT, AUTO_INCREMENT=293;

--
-- 使用資料表自動遞增(AUTO_INCREMENT) `tags`
--
ALTER TABLE `tags`
  MODIFY `tag_id` bigint UNSIGNED NOT NULL AUTO_INCREMENT, AUTO_INCREMENT=72;

--
-- 使用資料表自動遞增(AUTO_INCREMENT) `users`
--
ALTER TABLE `users`
  MODIFY `user_id` int NOT NULL AUTO_INCREMENT, AUTO_INCREMENT=68;

--
-- 使用資料表自動遞增(AUTO_INCREMENT) `user_feedbacks`
--
ALTER TABLE `user_feedbacks`
  MODIFY `id` int NOT NULL AUTO_INCREMENT, AUTO_INCREMENT=56;

--
-- 使用資料表自動遞增(AUTO_INCREMENT) `user_recipe_id`
--
ALTER TABLE `user_recipe_id`
  MODIFY `user_recipe_id` bigint NOT NULL AUTO_INCREMENT, AUTO_INCREMENT=65;

--
-- 已傾印資料表的限制式
--

--
-- 資料表的限制式 `carts`
--
ALTER TABLE `carts`
  ADD CONSTRAINT `carts_ibfk_1` FOREIGN KEY (`user_id`) REFERENCES `users` (`user_id`) ON DELETE RESTRICT ON UPDATE RESTRICT;

--
-- 資料表的限制式 `condiments`
--
ALTER TABLE `condiments`
  ADD CONSTRAINT `condiments_ibfk_1` FOREIGN KEY (`product_id`) REFERENCES `food_products` (`id`) ON DELETE RESTRICT ON UPDATE RESTRICT;

--
-- 資料表的限制式 `dishes`
--
ALTER TABLE `dishes`
  ADD CONSTRAINT `dishes_ibfk_1` FOREIGN KEY (`restaurant_id`) REFERENCES `restaurants` (`id`) ON DELETE CASCADE;

--
-- 資料表的限制式 `favorites`
--
ALTER TABLE `favorites`
  ADD CONSTRAINT `favorites_ibfk_1` FOREIGN KEY (`user_id`) REFERENCES `users` (`user_id`) ON DELETE CASCADE,
  ADD CONSTRAINT `favorites_ibfk_2` FOREIGN KEY (`recipe_id`) REFERENCES `recipes` (`id`) ON DELETE CASCADE;

--
-- 資料表的限制式 `ingredients`
--
ALTER TABLE `ingredients`
  ADD CONSTRAINT `ingredients_ibfk_1` FOREIGN KEY (`product_id`) REFERENCES `food_products` (`id`) ON DELETE RESTRICT ON UPDATE RESTRICT;

--
-- 資料表的限制式 `related_recipes`
--
ALTER TABLE `related_recipes`
  ADD CONSTRAINT `related_recipes_ibfk_1` FOREIGN KEY (`recipe_id`) REFERENCES `recipes` (`id`) ON DELETE CASCADE ON UPDATE CASCADE,
  ADD CONSTRAINT `related_recipes_ibfk_2` FOREIGN KEY (`related_recipe_id`) REFERENCES `recipes` (`id`) ON DELETE CASCADE ON UPDATE CASCADE;
COMMIT;

/*!40101 SET CHARACTER_SET_CLIENT=@OLD_CHARACTER_SET_CLIENT */;
/*!40101 SET CHARACTER_SET_RESULTS=@OLD_CHARACTER_SET_RESULTS */;
/*!40101 SET COLLATION_CONNECTION=@OLD_COLLATION_CONNECTION */;
